__key__,Label1,Label2
coda_dataset/4910-Hacking-de-29034e38f10b5d732d36615d9be95a1f45ffff7880f58c6e48980f14b97bf555,Not Relevant,N/A
coda_dataset/5125-Hacking-en-b113c014b1df68b130ed368ff00a534f0153bb8533dd3e9ca97df6a42ddd792a,Not Relevant,N/A
coda_dataset/8417-Hacking-en-4cf67153ac83aec74c43b84554b50dfa244ee7f846b7db6f58b56cd2fd08bc13,Not Relevant,N/A
coda_dataset/8524-Hacking-en-33ed27bbc9ec15532e30b298b67f455b135c09edfb82dc01477c0b4c732360e3,Not Relevant,N/A
coda_dataset/8234-Hacking-en-8a849991548c6d731fce9fccd362493c84b345614e0f5e58d3c56e91e36837b0,Relevant,Hack
coda_dataset/416-Hacking-en-e52d6af5d6a95d91c848740568d388133368beb36d138a99218ad87fade9f948,Not Relevant,N/A
coda_dataset/8358-Hacking-en-ee5f53a830c7bd873868c5dbc0f78370d002340373da0680f5f28112311c0a51,Not Relevant,N/A
coda_dataset/4593-Hacking-en-2568e9c8040dadb10e48d547a711b9dc69a9bf2dd2350eae1bef371f49283592,Relevant,Malware
coda_dataset/8503-Hacking-en-30a2c247257982f5548e01feaaab15f8a44bca85f02c8f7bb901aa86def303ac,Relevant,Malware
coda_dataset/8310-Hacking-en-a075b101753a2a026dc800c02dbd095d9b7e6311c8524513cc471098a37bb6a9,Relevant,Hack
coda_dataset/4658-Hacking-en-9cd0b596c575d11bd492c1d03d030b0b9c9ad26ab434e153867f3d831f97c78a,Relevant,Hack
coda_dataset/8471-Hacking-en-23cb15cf0cc132db7cff999843b9ee3eb46410b9303434f1d284b7b0e8de5743,Not Relevant,N/A
coda_dataset/4718-Hacking-ru-a3e4f88005f4c257e507f366070e66297d97e95682e0c208ac03ed4284d5e1f2,Not Relevant,N/A
coda_dataset/866-Hacking-en-69f705f2c17be7a21246e08e5599efe779960ce25f725d19b271c5a6ca7f125a,Not Relevant,N/A
coda_dataset/4577-Hacking-en-d728dcdbe07ffc401065b8f4bbe8158223b813618218b05ef730305a89e6c097,Not Relevant,N/A
coda_dataset/8408-Hacking-en-9a25d3793ee823257025b53173ff51f0213156d567e9f260ad3587c81b0587d6,Relevant,Hack
coda_dataset/4642-Hacking-en-7c9fedaa53676fd635656b3db1cacff329f6b752df3b442d90abd4c6f0b68d0c,Not Relevant,N/A
coda_dataset/1596-Hacking-en-76a85b35b5a583b3284914d96712ec0f9b2d9eb84261bf71c245acf745fc12fe,Relevant,Malware
coda_dataset/1999-Hacking-en-4d7aac50263bc1b753398918e52c54004ff9bd8d0555677b130fae2c6f136cb3,Not Relevant,N/A
coda_dataset/8499-Hacking-en-61057f7bbcd3189b5981a94f628fef42739effd678861a1c358bee127376a23d,Relevant,Hack
coda_dataset/8268-Hacking-en-52db1a1a01287d12b59133aff7d809befb2e57ea3cab216c4a4c77e9fba73664,Relevant,Hack
coda_dataset/8242-Hacking-en-3a20bdeb5500a2868eb0ddaf7f736739ace60e2a575d8ae50dc94bb07c1669c5,Not Relevant,N/A
coda_dataset/8497-Hacking-en-7d65bf9d7b1c7f2496c0ef25c02421a9af8f2ce5b8cb8140f62042e1bd4c3919,Relevant,Hack
coda_dataset/9975-Hacking-en-23f7a132efe775466dc5cfe1a25019eb4696bb3e53bbee448ae3159d10588d6a,Relevant,Malware
coda_dataset/8363-Hacking-en-3f68e4e1344caf5b8ac3019f2d83fe0106a69284f9e6a5789cebfcb6d871854a,Relevant,Hack
coda_dataset/9983-Hacking-en-edb2d127abc127010b7409102749f36446c2feb0a348b37611bfbb3dd12d26e8,Not Relevant,N/A
coda_dataset/4625-Hacking-en-dc3823897f41abf9db538b7589db872fd9cb3fac0e2809baf68f1e79e51297e2,Relevant,Malware
coda_dataset/1868-Hacking-en-f37c6c937a298c69e2b4ce89cdf4593bcb1109fd9f8ded6a3de4696b3ec66875,Not Relevant,N/A
coda_dataset/8316-Hacking-en-9988f284725bfce1fbb8d64e602d373ce3498161c7b4de43e9f02d5c2946301f,Not Relevant,N/A
coda_dataset/8213-Hacking-en-5548021a8ece9b9ef967809882a7c9af8b73dcf8fc0100485a67811e376718ee,Not Relevant,N/A
coda_dataset/8333-Hacking-en-cb6a00acd69d52a7a8ed55cf95b8c56b5292935eec8c16b2bf58631fab108f26,Relevant,Hack
coda_dataset/8500-Hacking-en-bd92e4b1fedb2d34503e7d44161a65d74e744ec235b8cceef3cad28c97a7775e,Relevant,Hack
coda_dataset/8384-Hacking-en-20a132a570c4a55fa75e5cc0cf0cf7b8bb45af71ef2f80b632e5e624d3c2c3ba,Not Relevant,N/A
coda_dataset/8225-Hacking-en-b184f9a17b22814d0df13f27c10f2946d6a7aeabf40eb1e9955964be33fa5a8c,Relevant,Hack
coda_dataset/8205-Hacking-en-bf0e7831148b4f58bc0cc53a3fcf7919f3f36ba39daf948177b9d303d81b8951,Relevant,Hack
coda_dataset/4669-Hacking-en-4b8ff92288861c878596fc4316bf266bddd939216fa9010ae658691c23518fa8,Not Relevant,N/A
coda_dataset/4714-Hacking-en-e1ef6c77686dc4279a75058252149b8002292d795c76822a86e43f0fec4d82cc,Not Relevant,N/A
coda_dataset/4681-Hacking-en-d83dd04dfb0a4888a1d28a7d88358426803932d934af6188a604bc67bf23473c,Relevant,Hack
coda_dataset/8385-Hacking-en-8b7d372096bc2b2556620b980741df36f630c92c02c4785316a93ffe2b6e363e,Relevant,Hack
coda_dataset/8226-Hacking-en-25e06ea1e88336bb239adc9f07be6160501635f4bdac3c8b999b840388bb4ab1,Not Relevant,N/A
coda_dataset/8252-Hacking-en-40f92626b4719d5f90b0bd966f8f6b08a8cefb2df835203b6e9adbd14be20478,Relevant,Hack
coda_dataset/8220-Hacking-en-a9b4ca00e21922011e07db46a2611922790d9e099835262a1186185f9cb1bc90,Not Relevant,N/A
coda_dataset/2368-Hacking-en-f193d9ee4b17ec028c86280e398a3879bc1cfb0e498311b8a6c11209280b7ad9,Relevant,Malware
coda_dataset/8512-Hacking-en-ee7aacbe25096910fa026348ed835fa5c60a3c3f6c9e33831d4e092ebbe61022,Relevant,Hack
coda_dataset/8279-Hacking-en-51aa8d6869bba1a9a7e46bc191692fd484f4c03047064084441eac4e59ca8b39,Not Relevant,N/A
coda_dataset/9971-Hacking-en-d050c0b15b2bfc8710444d5079fd7739621e751c3cdec58cfab86c9b7389f2a7,Relevant,Hack
coda_dataset/8248-Hacking-en-46347fa804abbcc32c2e0aabeba7fb375a45c749662b277a22f6f146105d4b8c,Not Relevant,N/A
coda_dataset/4715-Hacking-en-062db5a615674cb9db215c5a4e6daceee4e800b4c85704d308485b292f920d7d,Not Relevant,N/A
coda_dataset/8429-Hacking-en-7a9f4758f6ff6573e5406287abbcf7f21f726cda495a174f25483c564104770a,Not Relevant,N/A
coda_dataset/4574-Hacking-en-6556ce30254a6e8bbc4a82b10593db9f5d3d74f4e8dfcfd30f0d842f550ecd6a,Relevant,Hack
coda_dataset/8513-Hacking-en-f9b8eb9db57c44347a786205c1581f6e5d8147e679162e24c998c0ab400e90b8,Not Relevant,N/A
coda_dataset/333-Hacking-en-7ca002e3e3faa7c56578e620c7b5bf1a84f81351156a9c1e726d364eaf2b0d6d,Not Relevant,N/A
coda_dataset/9984-Hacking-en-d00febefad10a2a8f4613d71449b997bcf2e4b0ed8790b4680d359e4eba1e1f8,Relevant,Hack
coda_dataset/9936-Hacking-en-3313c61e4daffe322c552f33eb066598b24523ebb0c29c7efb1ffdeffd5fbe17,Not Relevant,N/A
coda_dataset/8443-Hacking-en-37fad4b26fa891e1384138e6117f36e88e85157070c2c2a966d2316df9198f39,Not Relevant,N/A
coda_dataset/5239-Hacking-en-08fe72685eb31f5162e28a4d6dd5b798542787cd68a1c12cf6c8666e8dc37228,Relevant,Vulnerability
coda_dataset/4599-Hacking-en-1da4827e499d613358680888794e3cb57edf8fdf42413b2f2b1d64878544b86c,Not Relevant,N/A
coda_dataset/8439-Hacking-en-3af7e22147795c19cc861c97c43008471014348a79cba7123977348d1fd9d1bf,Not Relevant,N/A
coda_dataset/9961-Hacking-en-b368dfe4501b7f13c9e41e97fce72cfbed0c0da2dcab031a361c37e1e90a9339,Relevant,Malware
coda_dataset/8405-Hacking-en-ded2ee57475e80e895a2cd236a8c6e2a47d692c3d42888a24184b9c117decfd8,Not Relevant,N/A
coda_dataset/4540-Hacking-en-2291ddf71c34219c84286e2db10b157fea4c0e26a5bd3d16454fc32aea48f25e,Not Relevant,N/A
coda_dataset/1814-Hacking-en-de3965d083626efaaf262d02b4178c07c9d8796ac144c92e4c22f8f5bccd028b,Not Relevant,N/A
coda_dataset/8410-Hacking-en-f41adf1ce901a5a5414940104e310140aff6cc7fbaae7e6a786ec6e22a83211e,Not Relevant,N/A
coda_dataset/1937-Hacking-en-d9342365bd2a7718367c0842281da9e2ca4acb81290c761517b87b2fd5888878,Relevant,Hack
coda_dataset/8473-Hacking-en-84daffd44c03cd3f3ab40db8598cf9fb68a7845a7d1091adaf297d1f3a865a7a,Not Relevant,N/A
coda_dataset/762-Hacking-en-236aa4c9a04697088e32fdee6742974ba265441a8a6382a45dac3e49a82d1f20,Not Relevant,N/A
coda_dataset/9962-Hacking-en-fdeb4f1f048b6fa3815d9a17255918fe2003038e56af2294a242a12cbf6b812b,Not Relevant,N/A
coda_dataset/8507-Hacking-en-6f9ed133b1e2724e8e8eea8361fa19020001885fa156442945d218bb9129bf47,Not Relevant,N/A
coda_dataset/8244-Hacking-en-aa9cfe10032f465722d18f326a06ec4f0acd2358c617c5c1bc615e16e7e8c334,Not Relevant,N/A
coda_dataset/4638-Hacking-en-ae8b8b6c5af1f973cf900d63d9789c3ff98ee6eee89fc6acb942ceff6690307a,Not Relevant,N/A
coda_dataset/8371-Hacking-en-a7cb9d8d177706fb90621924ecbd891e1d35c86a7679c3bd557dc4e58c6c0be1,Not Relevant,N/A
coda_dataset/4696-Hacking-en-5c931b74a6b613e8fcfe9d69924e94c38e040d9a25f43e68fe026b10b31e4bd4,Relevant,Hack
coda_dataset/8369-Hacking-en-24a6484a36fb4bf2d68e4b076b42ccfdd573480a3ae45bc12b1fb7ca7bfa233b,Relevant,Hack
coda_dataset/8212-Hacking-en-eeeb1440925792c3eae35d883fe70a66eacdb738fee456a49888b3f77aabdd93,Relevant,Hack
coda_dataset/8437-Hacking-en-e54d46e09211dd0ab023bc26cbff47a0ab756e2f489fa69ad46db935c638b4dd,Not Relevant,N/A
coda_dataset/2674-Hacking-en-8daad8c6a303c3ae69a1d370ad6856c0aa027b2e0c7380378289ac2b6277cf31,Relevant,Vulnerability
coda_dataset/8295-Hacking-en-3cab7cdc209eb377a71c9f16d196acaf08ba98041cb73cdb0bc4b4d4c7f8a3f7,Relevant,Hack
coda_dataset/5083-Hacking-fr-a658acdad461795d65d8c2d2f42ca5e53454f25f1d92e11539d73f2dd2dabe64,Not Relevant,N/A
coda_dataset/5464-Hacking-en-17fd30008a90d2d0b4f0a70cdfe4c32344dcc787bce11e36f49012e15d67ef3d,Not Relevant,N/A
coda_dataset/8441-Hacking-en-4ec2d965ce8b185192173b648d9e525f9543db1f3c0373478f70898beb925c9f,Relevant,Malware
coda_dataset/8379-Hacking-en-dd6176d1de43acfe73a801cfe90c2d7f9ae9737aad82c9c0d2dbff1df3b02e08,Not Relevant,N/A
coda_dataset/8523-Hacking-en-5f1c9844ce710b38348fafeb768bf9bd94d98a66d10a70d269bbe680c24f8c81,Not Relevant,N/A
coda_dataset/4561-Hacking-en-4bc23539a13ad899866e2c1a0fa6e55e0e173b2be8a9f94e21fb173cc4372e98,Relevant,Hack
coda_dataset/4595-Hacking-en-3f6f68e8b63af7b114a65eedfee5006faa45e91e75f11e6343c7a7a2ec6f5f1f,Not Relevant,N/A
coda_dataset/8227-Hacking-en-004e9805625bf4774ab25424bf72caa2e07ec1ebb536472b0b9a1b152f33aff1,Relevant,Hack
coda_dataset/9945-Hacking-en-0f5264df39c7e8996ddcf0769b0a958848b8d7bb95048315d144f9185e624326,Not Relevant,N/A
coda_dataset/8426-Hacking-en-af22465a1c4247a6e309e3c554a7b9315861e8ea9708b55ab8c05cc22d6bd4ab,Not Relevant,N/A
coda_dataset/8270-Hacking-en-4d254cef375ac55227dddacabd0a0a3c3437ce2a4f4fa6ac6c0d6527191fe3df,Not Relevant,N/A
coda_dataset/535-Hacking-es-48dbded00c4495abe13d8dccdb6e956e96113d65f6024804c60ea08135b55d71,Not Relevant,N/A
coda_dataset/1550-Hacking-en-57433e1651d1d3f65fd4dc39d2dc50e3603e18216e9270074a34a0b457c26313,Not Relevant,N/A
coda_dataset/8286-Hacking-en-8d79932a6dcf85e283ec70499547da9dd42f7ce5da5a6319885745a7db01a589,Relevant,Hack
coda_dataset/4629-Hacking-en-6052e67a77234f9fd0945c06d27a6b49d9b1a0ce8e0451db6299376791a45c3f,Not Relevant,N/A
coda_dataset/4601-Hacking-en-9e9feb56781b4469d4a496e8e2a8f3a085a5732e756e13f2e8cf6aa04a712098,Not Relevant,N/A
coda_dataset/4611-Hacking-en-76cb4bdaceba3afc919fe184710dd0e8f3a343341ccb402662c6a73c88a688a2,Relevant,Hack
coda_dataset/4579-Hacking-fa-8acb0cde656d82b6fbd63c9bb017569750c280f193050f46047f4139aaf576d7,Not Relevant,N/A
coda_dataset/8327-Hacking-en-9026bb9aef28477c0d45b71bc51a986225b160d1b7b586e87a153b755b307f85,Relevant,Vulnerability
coda_dataset/8531-Hacking-en-b8dbebeb68a914bfbc287e2e1dbc68cbb8b64f5989296337af767fbe21ce5759,Not Relevant,N/A
coda_dataset/45-Hacking-en-ea8401d4c697866b4c8081a799e698599875ab71a80069a233542841da5f179e,Not Relevant,N/A
coda_dataset/427-Hacking-en-1aac2f8c1df739c2e8161a202e5b42dde1448c70c58a97916b0093c6d0a9c80d,Not Relevant,N/A
coda_dataset/4569-Hacking-en-364a754aaa79a3fc18b2df13727f41f1a6ce736268bc8b53551be2dd003d459f,Relevant,Hack
coda_dataset/4708-Hacking-en-ad2ae4932c3911e1103f31f8ce26667153bf8a367da9fe987c5ca63c1101e2de,Not Relevant,N/A
coda_dataset/8395-Hacking-en-4a168b8620d48d4ed6e224c07b8b0e635dc6bb159d41775198dda6cdf73fdaf4,Relevant,Vulnerability
coda_dataset/8340-Hacking-en-585a72a0d5ff06a6c6cd626d1c0160791967ee48d29f1ca141bfdf6167d23d2d,Relevant,Hack
coda_dataset/5071-Hacking-en-6e83f40bce31c4906b497da4109e2facabbc29197918dbf95140db7180a9bace,Relevant,Hack
coda_dataset/8247-Hacking-en-6903c953c3558b8034e4a47d10dda6108eff18434f186eb7ee2512b02686d5f8,Relevant,Hack
coda_dataset/8448-Hacking-en-7cb3cf306c7a25a43be66e70dabac4d6839c14a3fa72c1d8409b914d17b09db4,Not Relevant,N/A
coda_dataset/8198-Hacking-en-e1233af86889e9da2b7c9e3dcc0e8d342dfaede016f0ab45676b54bb8d1631c1,Not Relevant,N/A
coda_dataset/9932-Hacking-en-49f03a2c05a9ec0db780ec3d14e24ad130b25359605d2a750ee3df5c0fb762a2,Relevant,Hack
coda_dataset/8498-Hacking-en-702c32224efd854fa753727f1a9870eaa555d5f84602cec95ebcef2a5756e41d,Not Relevant,N/A
coda_dataset/8519-Hacking-en-9b93abe946f4459f9192ed7302adfe4936a31087eeb78969c0711b72784d7628,Not Relevant,N/A
coda_dataset/8521-Hacking-en-2b73abc1f617f76344fec1d7f4d7529387a98d1d4c777b98a17506ec9f143bc8,Relevant,Vulnerability
coda_dataset/4605-Hacking-en-108abcd90d7f16ffc7902e6159a6221038e214274d94575525cab93f751f08eb,Not Relevant,N/A
coda_dataset/8527-Hacking-en-1b828b1857a9ff12ab7ddd10f2e17c2b561349f76ee9aadaaf4c3cb5b46bf247,Not Relevant,N/A
coda_dataset/8520-Hacking-en-733d1bc3d9f98059117b3291d322f2b07f1fae6b23fc3199ef5ce025167cbe43,Relevant,Hack
coda_dataset/2257-Hacking-en-47cf9c32f05bbd1e101f1019ddbacf5c4b4985d0e2a7e422e1d9100ba63f7433,Not Relevant,N/A
coda_dataset/8249-Hacking-en-c90de904d9d6ad793512acf7164bcd4bfdb057da08aa149c3c6a042210c8c1ff,Not Relevant,N/A
coda_dataset/8317-Hacking-en-84516dca2523265035a4788a5e6e2cbc0fb8dbd51ce2136509e63337bf6abec5,Not Relevant,N/A
coda_dataset/2864-Hacking-en-1b558352e3bcba26805892206a17410beb0b500c6c85889109d3e963fed9901e,Relevant,Hack
coda_dataset/8495-Hacking-en-e154831d0307f2ac4aefff78ddbf546276ee030eaacc4c9437ea2c25cfa824f6,Relevant,Malware
coda_dataset/8444-Hacking-en-3149897619a126a917acadd95597681c809703930fed39edc7720cdd1655cac5,Not Relevant,N/A
coda_dataset/2064-Hacking-en-e62be468065228052d66030255c38cc09a5ed23c5f8522a4fd333259dd403b33,Not Relevant,N/A
coda_dataset/8479-Hacking-en-1dc53ac60b5f44941f7858daec0666e96ed5f292005f7a8bdfc94aff35b41a69,Not Relevant,N/A
coda_dataset/2369-Hacking-en-a233c745093c930fde4dfff25f9fbe1c7ac5c291c03e5b2574618c433723638a,Not Relevant,N/A
coda_dataset/4555-Hacking-en-100ac0bdf2a685ed9ba79795d1aa0b2a27d2adc183ffaa6f14a2103a8ab11b31,Relevant,Hack
coda_dataset/380-Hacking-en-b9901dafdf760905cd95299a368f4116f9ad1a83f37e6b2252360b593d200348,Not Relevant,N/A
coda_dataset/8199-Hacking-en-2ac9687d810bcf6c9cb5f739af1e5ba4a400bf2ea1b01c8acce8496c70f0804d,Relevant,Malware
coda_dataset/8356-Hacking-en-a076836d717ccc68168a1fdf1a381cb0214b6a0f24331f6b31fe77d65846e869,Relevant,Hack
coda_dataset/595-Hacking-en-6071d2bff5bb95b06b4706a7cecd0253732012648fcc06d3b8383f73cb9c5788,Not Relevant,N/A
coda_dataset/4678-Hacking-en-528a4fde35f2e323837251017111c595d8253dc0f8d8424d9c4319bc628e264d,Not Relevant,N/A
coda_dataset/8428-Hacking-en-3edefca163a34e1f35664902d0a1743da5c2951927fea0c4cd15c214c105e501,Not Relevant,N/A
coda_dataset/8264-Hacking-en-8624a4e3e265d843a822c086bf343453ccc812e07d46862b1627b10965be9287,Relevant,Malware
coda_dataset/523-Hacking-ru-b01ec3ae6663655c5e49f6943e68886814ba107c87874bba295c05a41c992550,Relevant,Hack
coda_dataset/8452-Hacking-en-48d24a92ba4198465c3aec278fb86080c3e5cd34ad863410f4cace7c1bf4902f,Not Relevant,N/A
coda_dataset/8276-Hacking-en-2d95764ab92b818c824a8252a6082fb20c48014392d555c36a55d97396008ce6,Relevant,Hack
coda_dataset/4615-Hacking-en-0a30aa94a47543d3f04ecd522240b212706e7adc1b1aaa6e9b5715d7374256e2,Relevant,Hack
coda_dataset/8229-Hacking-en-af7230f5022b8a9103cb28539013d96025fe0f072ee6971c817d34cc6420598c,Relevant,Hack
coda_dataset/4546-Hacking-en-7f07a37e11544170878ae8af973285347afac7eda7ee0f7314dff3fd3f17ecf1,Not Relevant,N/A
coda_dataset/8447-Hacking-en-4d420d34ecadc3b594cbc4181b256a27f928ae8458731f1f879b4c546c0c0967,Not Relevant,N/A
coda_dataset/4641-Hacking-en-2a2e41f7b1c5c9daff77c6ab9bc525645b733ce8b3682d3517da29a915566dca,Not Relevant,N/A
coda_dataset/276-Hacking-en-e487ce46651a5e5b31c84d5e9c387d23cc81eefe93dca19249481d7a7763ecbd,Not Relevant,N/A
coda_dataset/677-Hacking-en-0af026fe57f1f02f0a0759a318ea0a9187abb108a651e3f56acb55bf59a7240e,Relevant,Malware
coda_dataset/8236-Hacking-en-ec292b75d53753f09f91c190c0cd129b4b6823c3be0c5a6d24e652b4badadd27,Not Relevant,N/A
coda_dataset/9958-Hacking-en-32689dd740782570f6e3b82ea3867627c9845103c2873d57d8701f25cfad0634,Relevant,Hack
coda_dataset/8311-Hacking-en-906393cdff39f5e9c8745b5622a82071a0aabb401d83ce5c6e1809cd3ffc5722,Relevant,Hack
coda_dataset/4670-Hacking-en-ef9089f6d87fde0a98ddcd82760e77f0d229ff7fef5e8723393f7f233598c66f,Relevant,Hack
coda_dataset/8306-Hacking-en-019f18d230718846f354fc2e3cd82ca9a8dcc9d571c6d148bbc06639091962ed,Relevant,Malware
coda_dataset/8280-Hacking-en-d79c02bb4eb4bf71cfadfee70bb8c28134e9dbd9f294989ffa8d4473736a67ea,Relevant,Hack
coda_dataset/8239-Hacking-en-fa1928e33e06d67d72df6cb273d047a824f29357f944cc0a8455bca6f95271d9,Relevant,Hack
coda_dataset/1686-Hacking-en-ed78988f2fc167b63280b30569e0992aa6dc4d387350ca0c0b9373a018b6cf32,Relevant,Hack
coda_dataset/8455-Hacking-en-5d7b1c97846fdb526c04728657f11aec02a15f7b510a757376660d5fb620a5d4,Relevant,Malware
coda_dataset/8217-Hacking-en-4ba9da4fd08bf06338f0351775b4f4b150a335a123743483d6782f72594d692d,Not Relevant,N/A
coda_dataset/2531-Hacking-en-bb619e8940a76c666cd9ce1f842d69034dfc7cfdd02832c2f7ed8637eaa1e872,Not Relevant,N/A
coda_dataset/8480-Hacking-en-e83ab2a3550ee3a8dd30602b51998f4631f14e00bd8b3226995e05d9fffa25f1,Not Relevant,N/A
coda_dataset/9939-Hacking-en-4f01726f3dd146891c2eaaefa28820d44f029abf4af9d57a7121cd9fba75da1c,Relevant,Hack
coda_dataset/5407-Hacking-en-845ed09afb87a416139220030112a8504d2cfbcc3c997f4ad4b78ef76cb8568e,Not Relevant,N/A
coda_dataset/9980-Hacking-en-6a13e8d3c8a58ac2e362c10cb0c37d4426259262690ae07d4a6990a6cbd25f67,Relevant,Hack
coda_dataset/2698-Hacking-en-d646f88e21f6df7ab6fb4b71783fe251ff2a5d56c57acf2fd4d12042827b7582,Not Relevant,N/A
coda_dataset/8378-Hacking-en-e32b05d399e1f1f3ef8c986a3ed50274b74eab985fbf1bf5ace9cba280323f2e,Not Relevant,N/A
coda_dataset/949-Hacking-en-13992ed2a779f7769cb412919080a0a2194dc504055bbd2d5a0e474a3ced76a3,Not Relevant,N/A
coda_dataset/9951-Hacking-en-e60983ad3555ef91849c46c90bad575bf6272e54d76860b588c73d5d11ff5d23,Not Relevant,N/A
coda_dataset/9956-Hacking-en-2f612a50ecca7fc9f3281202aa87de670ae86525207848df63c0da8c464dfc05,Not Relevant,N/A
coda_dataset/8412-Hacking-en-3c1152226d4eab83492200c40ab8b13e9658b0ecdf7883c009dfa6e17df526a6,Not Relevant,N/A
coda_dataset/8269-Hacking-en-931616ea685f033c88d32152903620a4bfcd33d9bf6310c33fad16d794648837,Relevant,Malware
coda_dataset/1961-Hacking-en-28e914ec64efabcd6977ca789950735bdb3ec824fc94318d8061060d1f262ed4,Not Relevant,N/A
coda_dataset/8391-Hacking-en-e1b355653d213b6e51c966bd21bc81e98913b61dbccab3333dbdafc35abb5514,Not Relevant,N/A
coda_dataset/8431-Hacking-en-476b35ab9d5fc4a99e00268b505fd0680a21a2a3a7cc5cd696d5bcd37a6e63db,Not Relevant,N/A
coda_dataset/2338-Hacking-en-7861ccc3df1752f21091638206f62b44197f78f12f035fb01569505df0a5d362,Relevant,Malware
coda_dataset/2909-Hacking-en-61998778eb98d5c2525116e64baa23828ca1f8664b34b0394780b70170e816b0,Not Relevant,N/A
coda_dataset/8354-Hacking-en-4296d331d2a9dfbea23f1b85aec78c8e48f74a03c824778be86224ddb6be5cd7,Not Relevant,N/A
coda_dataset/8272-Hacking-en-15f789b06c1608e5a69808892e37d0bc6c4026a590be29cb33f5c9f4c1e079c1,Relevant,Hack
coda_dataset/1710-Hacking-en-8dfefe2425a87716beb2cb246fad1fecf7afed7b1c551bb4f9117690d500bc16,Relevant,Hack
coda_dataset/8312-Hacking-en-be8b9c9ac16e99d6635f1f771a71e98bb88de8f74029762c400fa584e4ae3600,Relevant,Hack
coda_dataset/1274-Hacking-en-2bd16a6a199567938f2c6140f172d2a049742aabf7e95adf6c2e3903d730ac38,Not Relevant,N/A
coda_dataset/8282-Hacking-en-ac61cce5393c5fbb294ba001fec4985647e2ad52af3b0e725fc3e0b1a19a8138,Not Relevant,N/A
coda_dataset/8514-Hacking-en-4c79a1e916e489c3da48dc3228a6c6d1b88918c57aaf7f63f6d5651abdd36f17,Relevant,Hack
coda_dataset/8346-Hacking-en-ed6c33cf73edde76becc546db279a25727a63b3367369a6b04a6bb79479a5018,Not Relevant,N/A
coda_dataset/8508-Hacking-en-48db6014ed66ca42cd30778aa573c37cae3e766d77656575c1cadd29f523ffe5,Relevant,Hack
coda_dataset/4684-Hacking-en-478aed8d6f0efbde4ab82e24a0b55d56d40f57064a69cc5d8237fd6b4ac10f91,Relevant,Hack
coda_dataset/8344-Hacking-en-5e721ffedce35189c3ba20ab077d64020ac06e99c3c05bdb518ebf7bc9bb8b6b,Relevant,Vulnerability
coda_dataset/9976-Hacking-en-674f9b13e55582e51c708bda3e5668690c41769f4e63751308a247005a625590,Not Relevant,N/A
coda_dataset/9938-Hacking-en-61f563cb4001530398d18a993af9542cb63a0b66d29655eec3ae30eb64c31973,Not Relevant,N/A
coda_dataset/2542-Hacking-en-3750f6f0423b53bd5b72524f630010f34f51f8d850af16a0132e6060d182fbc9,Relevant,Hack
coda_dataset/4644-Hacking-en-5071ec58b2a86ac6d28a264ba48cd82c5f7e5581a66c16256fd04a46a61dcb55,Not Relevant,N/A
coda_dataset/8291-Hacking-en-cdcf1c06b6d0dc42b33d77f60e168b0f17886d876a033fd9e2984c1c668310f5,Relevant,Vulnerability
coda_dataset/4600-Hacking-en-6d199bbac3be1f1ee837d00d4970660bab7360119c9d4fb54d963ce163978c64,Not Relevant,N/A
coda_dataset/8516-Hacking-en-4ac31154ba817b49cdb190e05b00d048c217242a0d6f6b7f4c55dad1e3a5b614,Not Relevant,N/A
coda_dataset/8483-Hacking-en-97d231453618772db69e65096c68db100ed4e2fe19850b46c8c14b9e60d00ef5,Not Relevant,N/A
coda_dataset/8399-Hacking-en-8daef0b1799ea4880459bce754ac2a29e387e36a1efd84dfe3dfa8d2379379cd,Relevant,Vulnerability
coda_dataset/8246-Hacking-en-55e8823de1670efaaaedb61ee4c7327e69cc45cb01b75e5704e552b4bed4612e,Relevant,Hack
coda_dataset/8278-Hacking-en-9d768dde95d42831e2af787652950a133b3dedb23a83e7bd94bce7bdb7d19076,Relevant,Hack
coda_dataset/8303-Hacking-en-a41a8463342b72af4ef8536856665e5ce41720ca33e40eb8b0d342b9106b3821,Not Relevant,N/A
coda_dataset/4990-Hacking-en-5e39aaab336a054fb778f296f9da5e0662a7de5be09b887bd9341ebbd7a43f56,Relevant,Hack
coda_dataset/8328-Hacking-en-d1f9ba895c1d819635d72e28ef40dd62123c30814442213924ced791538e569f,Not Relevant,N/A
coda_dataset/8197-Hacking-en-277556b510d774d5875e0f623dff7e171be002015833af57d96aeb609e5714b4,Not Relevant,N/A
coda_dataset/8215-Hacking-en-4da1200da91f14e19b7a4979e7fbc45779046e10d0c9d9013caa6f14ec830fb6,Not Relevant,N/A
coda_dataset/8209-Hacking-en-177b56457604bece4e6c85e478c9815c336421c172b49e6d08f507cecad971c4,Relevant,Malware
coda_dataset/8529-Hacking-en-58d4ba252342bb834f2b0b823188cc1dd7c3eaeea23f30021b9f82d86233d213,Not Relevant,N/A
coda_dataset/8403-Hacking-en-2e138fa657c341b962d4f252c3c5ac4cfe6a489085ba1bca83dedc22cb7d5d08,Not Relevant,N/A
coda_dataset/8406-Hacking-en-d83d47b3c077c8d47c3d2aeff52b7b71537fe17d5d956dd5993c992a26b14109,Not Relevant,N/A
coda_dataset/1811-Hacking-en-d7491ed807174f77db6d17bc7a1fcf40fefc0e18d53e7f3bc4793ae0759ffe8a,Not Relevant,N/A
coda_dataset/8251-Hacking-en-675c693a2629de2ed4d06b781cb99292ef68413f5c4e06ba0c03a62c6a6b54e3,Not Relevant,N/A
coda_dataset/8532-Hacking-en-4528b2843dc44066b0b47e8f3060b91cc112f21c8fd77a25e984b309e6ad2821,Relevant,Hack
coda_dataset/9940-Hacking-en-e7b988e6b360c8a8ee3df63ddf9fbe30057eac8397a42a4f0238fe898174ca5c,Relevant,Hack
coda_dataset/8476-Hacking-en-be84ad31215414a5751bf1dcf208d6bec3e3b0a545821710bfcd8e31a25df4ee,Not Relevant,N/A
coda_dataset/1766-Hacking-ru-45289ce1081ec34d6b9c3cab7a0daf630d336c93fd240218309f51348363bce7,Not Relevant,N/A
coda_dataset/8238-Hacking-en-e61b3fab82e124dc3f5aa6677302e2cb530e08d224355e71f308629e22a55789,Not Relevant,N/A
coda_dataset/8366-Hacking-en-d97fe7833701da06b4962790bf058b17aadb0ac7eb6e10e50ce583d9385d0019,Not Relevant,N/A
coda_dataset/9969-Hacking-en-f3c1126663d84b9c079f404bdecda9a5525e7a52132cbe3a8311e70ca4086f10,Not Relevant,N/A
coda_dataset/4618-Hacking-en-db690a0b41025abd952970f981df78c87d451696ce2b8dc486438bc8e9ffcf99,Relevant,Malware
coda_dataset/8489-Hacking-en-372a0a515a8b5e25cd43441f1ae2b40782c7c5edbf03358551eee346d1f77a95,Not Relevant,N/A
coda_dataset/8271-Hacking-en-9e5bdc2d31c52c1841e1a9536fc7ac638d27be39d0e0dc50fbc55e368b131b47,Relevant,Hack
coda_dataset/4676-Hacking-en-71c9af7a22e2b9374987e48ceb18e37238c444226d859359ddc5f69384edca2a,Relevant,Hack
coda_dataset/8375-Hacking-en-b32412a4d0246a3a56b0ce964886b21c759aeb50e088826994f5b0164e948618,Relevant,Hack
coda_dataset/4631-Hacking-en-0317da41f29e21647b5787009fa0492e1364e5d6147e555395f2cc91856ecb6a,Not Relevant,N/A
coda_dataset/8381-Hacking-en-4bd25379c1833cb9c504eaece404362f3828811c575a4ff8d94c41a064131408,Not Relevant,N/A
coda_dataset/2320-Hacking-en-f176867ff471bbbcdd231502d1a855def08e1fed14fd3759d7da91c3df73d4de,Not Relevant,N/A
coda_dataset/8207-Hacking-en-334489f2b385780a39bfb5651645f93e6dd94c34f941edf001be56960166f9fa,Relevant,Hack
coda_dataset/9941-Hacking-en-730df3969b88ad0792f2b4e04840bbd6a7a0c4b73d60c72fd8f7ac1dc9dc0807,Not Relevant,N/A
coda_dataset/8361-Hacking-en-a5919e0d1a58a2bc669eeab4dd08bb4c56a190b02f62167b352a3faefe5cf118,Not Relevant,N/A
coda_dataset/8418-Hacking-en-d173a1db7a7356e3e4dd7a84a025ae24772b79d0fe2d5d467f04f516a8f6f75b,Not Relevant,N/A
coda_dataset/4610-Hacking-en-0191bd6b2033b2fe03c5ab2e7da3fef742ea33120e685314791b11d5ba67e089,Not Relevant,N/A
coda_dataset/8496-Hacking-en-bec460732deff7dc2a77a4d9be3b3e91cdc2e3fd154b19234da7b9c65167fbf5,Relevant,Hack
coda_dataset/2645-Hacking-en-52596773d2edc5dd324626c6f1ec277e62477b1a2af9daee3ade8c33f2bc782c,Not Relevant,N/A
coda_dataset/5497-Hacking-de-e086f85e8922d4f30feebafd2ea71a216248e201026be2ed5df76bce562b28b6,Relevant,Hack
coda_dataset/8434-Hacking-en-c3f0d8fb6227950cfac38a801adee02e6a312d615fc6ca7ef396ac613f02aff5,Not Relevant,N/A
coda_dataset/4651-Hacking-es-10ee0a07b28baaafb3416a95b39e35acb53a31d3a45e858f629c2883c06449a5,Not Relevant,N/A
coda_dataset/8281-Hacking-en-2f234ef6513558a24b492f8a96ffd1edad3ee8a68c2f9f0039f93daf0f35c219,Not Relevant,N/A
coda_dataset/8359-Hacking-en-3ca07468b74f62d5c0130c44da12854167f32dee1670e3c8e66e5f6974bf5eea,Not Relevant,N/A
coda_dataset/8277-Hacking-en-72d0921c04af149ed897d18b7a7714701b84a4f94b37c8093aeebc6e9203c8b4,Relevant,Hack
coda_dataset/8533-Hacking-en-b6b3c40c3768a09118da80830b6326d302a79595a801ebab9ee7249feacaa83a,Not Relevant,N/A
coda_dataset/8347-Hacking-en-33fdb345b0bdd5f36fc64d9f68a837c37ea3c85902fb89aa6c0f24cd783848f6,Not Relevant,N/A
coda_dataset/8432-Hacking-en-b4f990e87dd759ffa72e07bf247d1b37adce3e46ce07fdff5ca961a07b31b730,Not Relevant,N/A
coda_dataset/8494-Hacking-en-29043733b44d1a5dbee3a6dae732c6cd7ea8516fac38136104776ad39e877441,Not Relevant,N/A
coda_dataset/8501-Hacking-en-60aa482aa22bd005ae222e4fddd0070fe574cfc1643045b4c0dcacf1e32e398a,Not Relevant,N/A
coda_dataset/8203-Hacking-en-be0a2db0b3d9242dd5f9011a2286a22f6ce28ac3745b33045a27a156a10da1e3,Relevant,Hack
coda_dataset/8218-Hacking-en-c8907e86a8313a4957307f2303c3185b0932a26dd0b732f063cf9435075a37a9,Relevant,Hack
coda_dataset/8195-Hacking-en-6da51d8621d49395e92818341b12000fd346ea7347b1ce6b338256403ae369f8,Relevant,Malware
coda_dataset/8335-Hacking-en-06475369471a40d54f7340b39a31fc4b22328c3ab6f534c69f0106220c40b89f,Relevant,Vulnerability
coda_dataset/4701-Hacking-en-600fac63423c43f1ed6c3372ca739e8a90e42485e2ea8d4688978be556b56287,Relevant,Malware
coda_dataset/8326-Hacking-en-670a4c27ed9390c4585547e3090877a1214f06bef5504c151c5179dc960d2b7a,Relevant,Hack
coda_dataset/8325-Hacking-en-1e36f417b16d0fb9282557b767b145f0fd55b3762e79900fc273746153fd0e9d,Relevant,Hack
coda_dataset/9943-Hacking-en-b54c1f09c5c492df44a3d1563b97862f53a52e8829bc576770fd3e368deacc27,Relevant,Hack
coda_dataset/8254-Hacking-en-3bab7d22ca403d44a6ec361dd068f1b66d8c85e4795465addccb551d58d17759,Not Relevant,N/A
coda_dataset/4637-Hacking-en-1a5dd1fb074a7a5d511e71204769e9a7a43b81d80e6beeaa97276054a3625345,Relevant,Malware
coda_dataset/8240-Hacking-en-85cd4cac0f8bf5ddbed391f1ba823f5a971cc3c8c0463fec5ece233ce51219b8,Not Relevant,N/A
coda_dataset/4717-Hacking-en-6719ce30ab1d6cf4ddae65145067d46569927849a83e23c2d058924536c829b1,Relevant,Hack
coda_dataset/8505-Hacking-en-b99f03494ef4c7f5a9ff37176866e23ee5df8d4b3d6dfaa194d2ff441db134af,Relevant,Malware
coda_dataset/4720-Hacking-en-b88b65f113a41c05fee07ad2c3b78c376f106d54e6ad929a310a51b6a9820b68,Not Relevant,N/A
coda_dataset/8411-Hacking-en-09049d3740cf68b65d0a028b8ff883c3d9fa905ab9ebb99f1d5bb3125ea21c49,Not Relevant,N/A
coda_dataset/1500-Hacking-en-33cae17bc27fb2278a5e0a22c4b82ac9e6b51696827a66cee35c4d9fc8478e50,Relevant,Hack
coda_dataset/4570-Hacking-en-aec2c8e04c4ccbe4a45bf54b8585cf272e58eaa2b18281cd93d32db2a9d63cae,Not Relevant,N/A
coda_dataset/9968-Hacking-en-84baed09ed1592243403ba18341f7ca89959b9ca7fad533d1e38e450973aab6e,Not Relevant,N/A
coda_dataset/9977-Hacking-en-5352afe5c73f5be586850d52c201735157573eb23e9753276d294273187bf68a,Not Relevant,N/A
coda_dataset/8349-Hacking-en-3b9737f1494fa0e0c79bb5f0b81275ac24ddaccbe52b1cc29cd096fa58f287b1,Not Relevant,N/A
coda_dataset/8210-Hacking-en-1d1bf7b186aed8c9a6e5ffbb8b20aea36cb4386c3e366456fb52b1e8a0cdd294,Not Relevant,N/A
coda_dataset/8320-Hacking-en-82c332cbf8370cb5f4d16ff29d2f3682f1540be8841e00f75dcc019c21a87520,Relevant,Hack
coda_dataset/8492-Hacking-en-95c156571c4675d89b2ef15ad1c30640308a9bd1788e47fc7ddc00277ebf6e8d,Not Relevant,N/A
coda_dataset/4551-Hacking-en-1780e3b868aa0d8172aceb4f63b67d288d26e6df2f3b2d97e8129a21d6efee1b,Relevant,Hack
coda_dataset/5054-Hacking-en-6881eb45b700e77af1e8582833ab1610b3525c56280f829fb7b766760e0157e9,Relevant,Hack
coda_dataset/8454-Hacking-en-d736609f32bc499897d43bbdd99699b06ddd72ec53bd1105a55d6dd902813ae9,Not Relevant,N/A
coda_dataset/8388-Hacking-en-1e97745a6bb095a0114cb9166207b2eee4b1e18d5696294d692eb64b2f949af5,Relevant,Malware
coda_dataset/5454-Hacking-en-5950608a54eafa21ece7b12f87f492d91a2586304752bee96802f48c8166ead5,Not Relevant,N/A
coda_dataset/2768-Hacking-en-977079bc9ddf2018206487b69cc8faee8085f482858a84aa30dfb625e90556af,Not Relevant,N/A
coda_dataset/5515-Hacking-es-4f84ac561efe2ab49caa0e5cbaea2f76292194278fb2ec58e09013a208d741fc,Not Relevant,N/A
coda_dataset/9966-Hacking-en-b1981eed34a77128b98755e0ac85239b3915d6e2df007990887f7cec6bb4c0c5,Not Relevant,N/A
coda_dataset/4664-Hacking-es-cb6829441fdd32cf476379db9e03706011776f63ee1e7fe9a67cec5a351c6740,Not Relevant,N/A
coda_dataset/8322-Hacking-en-992567f98186598553ff2b989dee85780ac227ded919024132c4d97b427451b3,Not Relevant,N/A
coda_dataset/8438-Hacking-en-9eefca3c379f1a346d52a1082335314f69e82226f8a81a6e057834fe749aab44,Not Relevant,N/A
coda_dataset/3013-Hacking-en-a28860f9e9867f5bdfca1d9bcba989b38dc3b2be8112a8a9eaa665acec254523,Not Relevant,N/A
coda_dataset/9959-Hacking-en-ec69964d2a715ff17f866b484f49b698b262635af4571452a7f3572a4330e706,Not Relevant,N/A
coda_dataset/4687-Hacking-en-1aa55980cf16368acfdb104326152c6d74b1b33abb79e7d7f98d3c64435cc8bf,Not Relevant,N/A
coda_dataset/8373-Hacking-en-2e16c0d76095eeefc60d2f34a24cde475303ca44036fd21530ef51837c041944,Not Relevant,N/A
coda_dataset/8290-Hacking-en-5fbc2b464958977367329b70554c4bd1a30cfd84336706b84789bbb63d2e7549,Relevant,Hack
coda_dataset/8466-Hacking-en-7f8b0af323b1ae51a49b05fbbd9c8c0cdeaa9b870f62858084bfe84180cd1172,Not Relevant,N/A
coda_dataset/9947-Hacking-en-a761788e4ec6f6905290dcd71f661fc6c4e8994530d3ca05ec8058d49bcdf362,Relevant,Hack
coda_dataset/5342-Hacking-en-164bcffa1646e924d8fbe0275b359a4699f8ad75dccf1e4e8c114efce997ad3e,Relevant,Hack
coda_dataset/8402-Hacking-en-7b91278f03241aa940e96d5de800b8e9152da40e01d610adaf3e43f623390c48,Not Relevant,N/A
coda_dataset/9934-Hacking-en-cedf85c251db25b75b2282e9b07810d152dbef846a76d25e8d2575b272cd595a,Not Relevant,N/A
coda_dataset/2420-Hacking-en-3b640a1b07c4165fe731af45c8fde2a979cc0a1bceb0c9671efecb7746a3b11d,Not Relevant,N/A
coda_dataset/9944-Hacking-en-9a3fb0ef3e1837c4119b9e6b7cdbda67ac2ad761d648bdef75cd15b40bc8f4a8,Relevant,Hack
coda_dataset/8261-Hacking-en-33a1ca964673d0db7af21d7db4d94211dbed8bd9e2f6f57e308943347cc830fc,Not Relevant,N/A
coda_dataset/8259-Hacking-en-f0ae1d1d72d00a2bfb378ad0b440641bee31d3f4f86cddde05058f1672976198,Not Relevant,N/A
coda_dataset/8465-Hacking-en-6ce94b8ed0836f8778bf4c90d78935b98aba4d5a581796394a06cfe219cfcf08,Not Relevant,N/A
coda_dataset/8256-Hacking-en-2f1559492bea172f81785c2cff9eb35d10e504dc948184d662e37b613384a5c4,Not Relevant,N/A
coda_dataset/8289-Hacking-en-1a3639c5928efdba0c30645a29da4f55ce7f5198e36f9741b2db5c62afab528b,Not Relevant,N/A
coda_dataset/8462-Hacking-en-d94527514f509504a493b84159288e0bc40507811c9f5b786627f490b5b87f74,Relevant,Hack
coda_dataset/8504-Hacking-en-d1a71aa7ce453f4242c22f8d3e151b5c829e028f306d05da609bee7117793f15,Relevant,Hack
coda_dataset/2753-Hacking-en-8619af36839113dbdba9dfd9f28ba2bdd996a878452f78dfe68825b74f8c04ae,Not Relevant,N/A
coda_dataset/4627-Hacking-en-82c5ac38d15867b7f6af4eae999535373db0e1ee9f4409f292f104e6e519f87d,Not Relevant,N/A
coda_dataset/4683-Hacking-en-22bbf227e1abd7058415f4c063d2273326a7a5d6924d8ee13dc66c814173ea69,Relevant,Malware
coda_dataset/4692-Hacking-en-7baf7c88613a4d96f0ea3f8ccbfdfa1f5b842d1329890e5542a1f1d6140c5c01,Relevant,Hack
coda_dataset/8390-Hacking-en-8f48adab4cd8bd585dfadf88200455dea7df922a61150f7a9f283d586c031e10,Relevant,Vulnerability
coda_dataset/8464-Hacking-en-cca7b3106c408124a14222000dcd0298cf01850110e7a671a0a2546dcea7779d,Not Relevant,N/A
coda_dataset/8351-Hacking-en-c9112e45ae0bccab058a01c03c83a0ecb2f5e80d7a0300b1270db880ba0b5e03,Relevant,Hack
coda_dataset/4548-Hacking-en-c8d877eb8e41a490b9dcb65c75f1c6eb12b3200518d40367604e2b223afc4821,Not Relevant,N/A
coda_dataset/8355-Hacking-en-debf94dcf0d97d8f792f09549822162db7170451d1f35d3314973ba02bd49d81,Relevant,Hack
coda_dataset/532-Hacking-en-7533f91da92a284a4485f7f72de387edc4500c8e9e7cd9cea82fe62ad4b69bd3,Not Relevant,N/A
coda_dataset/4704-Hacking-en-2b139f5a7e1f1b61e277cff44cec7f441e4e01a0c4570a31ef83833419b5ab64,Not Relevant,N/A
coda_dataset/4645-Hacking-en-afdd7fd1dfc006bf5286710f60c202eb39645a47ab9af11620b9b0cb8234fbd0,Not Relevant,N/A
coda_dataset/8296-Hacking-en-54217491bd1416915eaa62b57d866b1c761094aedfbc990ab667d73190cdfd4f,Relevant,Hack
coda_dataset/8442-Hacking-en-76248d964908e838b3733aad944b6ce4a6677dc8d7c58caefc2d49ec777ece44,Not Relevant,N/A
coda_dataset/8463-Hacking-en-9f0a3059e474ff5d951f335a6b1b96e2ef1dc600eeca09f7067c8d9c0388a90e,Not Relevant,N/A
coda_dataset/5629-Hacking-en-84e4867cfe093a18e53cf4789a769f34a2437486fc88f9533dea8d7848f25422,Relevant,Hack
coda_dataset/4690-Hacking-en-b8a93277334ca38f0c762753aaa44b7e2d80c3c9b787d80fec2f32767dfcda05,Relevant,Hack
coda_dataset/2374-Hacking-en-be588e1762e4855f726658791dfff810ac443fc75de8f0861c3fbdd037237c2c,Not Relevant,N/A
coda_dataset/8468-Hacking-en-77e9fd67dec4409fd0cae1839f150201747f767cad2eded913c47ebc0746d794,Not Relevant,N/A
coda_dataset/8478-Hacking-en-b5066eec855c7dcd38a6c3e6af30377ae0c0c01b6101f19ff0159d8b713a7879,Relevant,Hack
coda_dataset/4662-Hacking-en-7a02ba0fb524fb97c0967f5797d0f5b9757017391d47e2ab928105388bdad2fc,Not Relevant,N/A
coda_dataset/8461-Hacking-en-ed314979734bf368dcca47f4cc91571497d5f277a8e8b9506798a5f8093ff8dc,Relevant,Hack
coda_dataset/4603-Hacking-en-215ff754f48e4a2efcea5ec59c8eb581aa8f6f8bfd6b125c9790b3fe293d740c,Relevant,Hack
coda_dataset/1131-Hacking-en-878cb5f3ddb664ba458fe9f583b3b17c93e34cfba0bbeb8048d35d29b9f9d903,Not Relevant,N/A
coda_dataset/8245-Hacking-en-b57e9f6d27ab2b4740a2b9d135c3e182a9e71343474d194497cbb267cd027f4b,Relevant,Hack
coda_dataset/8389-Hacking-en-010d3a4309bd81578e81d4d9ec913cfc1ac77ad165f551cb1f9f88886f5295c3,Not Relevant,N/A
coda_dataset/767-Hacking-en-3c09422c078c44bea9d51e1d673ff3ce5067c7e9ca8f5e00f238ebc51df5146c,Relevant,Hack
coda_dataset/8419-Hacking-en-ae6939a58047773c16b152d7ef41f966055cdf03bc9b010b3e388606a3650d33,Not Relevant,N/A
coda_dataset/8292-Hacking-en-d0665da1889270388e3380a1f6b24d027e7b8aa40e33375add59fb9ded7523e5,Relevant,Hack
coda_dataset/4608-Hacking-en-3bc6d72aedd2906c8b3f8407a469f022cef5ecd3c7c51b32d66c7e1134a971b4,Not Relevant,N/A
coda_dataset/8430-Hacking-en-e4705dbc1d3c239bd2389aa344b5e75416eae3cb99a4a5b96bbfc689077b0e5d,Not Relevant,N/A
coda_dataset/4590-Hacking-fr-5117db39bdc2d6706adb70ffc498c815f173c9eeb47b243602351683dece4bcf,Not Relevant,N/A
coda_dataset/4635-Hacking-en-129178d47cd7d9fd57948badd77dbb41c506396149ede690910917ce631282e0,Relevant,Hack
coda_dataset/8511-Hacking-en-8eebaaef5f1a17919095d24d36943fdbd00bd16d6e79ecc520d5bd944b7766b0,Not Relevant,N/A
coda_dataset/2782-Hacking-fr-0fb6569ee90869351ac8223dceb5c28ad64e560aea5e76564a7bbd73be21ed9b,Not Relevant,N/A
coda_dataset/8352-Hacking-en-9df3ba94d3ef2f420c1396cad59392a790ee7703f30f2686cca36e21e97a5c5c,Relevant,Hack
coda_dataset/8257-Hacking-en-660261f16fb711c493cafd316a3e326d4346f0fd8fc4f5c5d9144aa78c5aa166,Relevant,Hack
coda_dataset/9979-Hacking-en-cec212497a9d09fab992e546d3c2ee5578083c3fb4d3c026f9610238bd18b1ed,Relevant,Hack
coda_dataset/8299-Hacking-en-97339d4e2dfcb4f7d7a35595d2212d5658e7dd7f46b23fa2ef389f7a4297ce40,Relevant,Hack
coda_dataset/4706-Hacking-en-7f87a18f1f3540efaf52056789e264faaf4fe6bcff0e6be25be9e21dc6fd3e82,Not Relevant,N/A
coda_dataset/8397-Hacking-en-a0c162c36546c5aef5997d644f2881be193a5ee221f05d44868307f377038e60,Not Relevant,N/A
coda_dataset/8433-Hacking-en-3d74ba8f6d94c3c7b06c49919db40724acc060c09fee9d2665bc6b01b2a1293c,Not Relevant,N/A
coda_dataset/5376-Hacking-en-458bac94ef4340328812f63d0dc6fcee48e2057b74b09be17783b7ceb25d17c6,Not Relevant,N/A
coda_dataset/5036-Hacking-en-57f6f080e5c496edc760474418bee68b7c4e38175f916ddc7ec1712006dece63,Not Relevant,N/A
coda_dataset/8485-Hacking-en-69981735dd5bcc5d196bafa316fe38811e10b97a78386b19bf09f8c988572d03,Not Relevant,N/A
coda_dataset/9963-Hacking-en-277119ec8f989b6ee6652311294cbb3af15eff0f4cfd3233d1270be111fcee08,Relevant,Malware
coda_dataset/8360-Hacking-en-6650702da6fe07a649d70b2dd4c433d893d7c9e2cc508e0f88803e8c034da995,Relevant,Hack
coda_dataset/8284-Hacking-en-f6fd79098d297328b9f289dbaddcda728a0f6cb4d1d8880bc8e09681cd01ac0a,Relevant,Hack
coda_dataset/8380-Hacking-en-6beb1c6ca33df0d464cefea77067919098fd0e2f3f204e1ebdea8e75cb9dca27,Not Relevant,N/A
coda_dataset/8502-Hacking-en-7cdb52ae5b4cfdb8bedd8344de445c0f533808f13ecab9ee1e01560f08612e75,Not Relevant,N/A
coda_dataset/5746-Hacking-en-56d481597c7dfcc8ebe3fa2b50a3915739aff0ea1f3363ea0ee0676fe1df8849,Not Relevant,N/A
coda_dataset/9954-Hacking-en-d34d7eb49d69464b02f36f528414f30a52156f86890b33343b5360d021291bcb,Relevant,Hack
coda_dataset/8525-Hacking-en-3d908e5044af30b309cea1dae67779a9b16da602508b8fcd92ba580df4dec4cd,Relevant,Vulnerability
coda_dataset/9952-Hacking-en-bef4ae016b84cb01b304c596666b537b3899c77595439906626196ed52e98627,Not Relevant,N/A
coda_dataset/8364-Hacking-en-ed8f8139e6aa590581f3b6bc8765ea597697f4a97ecc1484804c504ae460f78d,Relevant,Hack
coda_dataset/8319-Hacking-en-b5dea38af0efedab8cf017cacb5711f3071d9a9d61e652b926fdb558f96bfe33,Relevant,Hack
coda_dataset/4679-Hacking-en-c2b08225d70e2e8b08c03d24ce43007214d2d012f5cb6de48f97900385177aa9,Not Relevant,N/A
coda_dataset/1763-Hacking-en-ecb5194dcdc50eca4972bf003dfb80444d7d6a567ecaf4e4ddedf41e9ab7542b,Not Relevant,N/A
coda_dataset/8253-Hacking-en-dd17ef5086171bb3a0f8a0e24f3417d7cf06cd9891390fae05c8e67d229d7824,Relevant,Malware
coda_dataset/8337-Hacking-en-110eba4e9f19ec9ed91c2f0212a865e2497e29e125a02fc40c06372655a41fd8,Relevant,Malware
coda_dataset/5141-Hacking-en-6636e96f8fb14e904f7301b521faddc2e19775a889e687cedd52f4f53d31a6ed,Not Relevant,N/A
coda_dataset/8404-Hacking-en-2770e4605ad64fa1f8e3a2501c60f26f1bcb524b94cd762a6e3e1d139c41bddc,Not Relevant,N/A
coda_dataset/8334-Hacking-en-fcbc33629f0fa278a671288a7c78d89fd34b2c372cfa76418308f6a90ab2e7dc,Not Relevant,N/A
coda_dataset/4558-Hacking-en-70a0659c2fb93c8a8804621f11b60567a36da0b248af4f065b1302fb1fc27b3e,Not Relevant,N/A
coda_dataset/8409-Hacking-en-afbebedca32af4902619a80c32f23feabdc111abd2823d8aa63c82ac94897ce8,Not Relevant,N/A
coda_dataset/8420-Hacking-en-79c4a2bd5ecf8ad217dfac03bd4020595a5580f91abe52b0bf25afd345bb4bda,Not Relevant,N/A
coda_dataset/8368-Hacking-en-36c3d5aa337b007b661e129ad20ec815c7877c72cf7cf40af6bdbc2ad6b1736c,Relevant,Hack
coda_dataset/4582-Hacking-en-61d2be830ce6e62ac35908181a14303508c4498f84ae233febad0f1e7694d279,Not Relevant,N/A
coda_dataset/8300-Hacking-en-f7a13168db9a358eb7924dfcd22b3285f305c2f6e055c145b2e35adade9097b6,Not Relevant,N/A
coda_dataset/8353-Hacking-en-a9d923f9db5fc9d0f43751f32577fa6c535d2ceb015385c86c3a01a72520129d,Not Relevant,N/A
coda_dataset/8241-Hacking-en-d2aa87cec22917c67364ddc86ebd7773e6344dd6854a216478f06320404a2282,Not Relevant,N/A
coda_dataset/9964-Hacking-en-aec39c8670d454d5c976508fddac17fc0f624725d5c34b80caa5cc48db321163,Not Relevant,N/A
coda_dataset/4586-Hacking-en-d8716c703303f6d09b2c116584bf24f4d2c2466f0f47eccd07c3ba5804363603,Relevant,Hack
coda_dataset/8445-Hacking-en-4e0b944eb93134daafd5dd41bd34e9300d7e986665ed9f6f4ebdf4724c75a70b,Not Relevant,N/A
coda_dataset/4710-Hacking-en-572414108da9b72b200bb3e05a4be35ab271800aef9c5549d5ab0a3346ccbf0f,Not Relevant,N/A
coda_dataset/8304-Hacking-en-48208dbe911273e917e002b50e7fcffd7a74888f6f5166a08edefcd11d2c6885,Relevant,Hack
coda_dataset/8416-Hacking-en-3abdb594871fdf658fdbab720f944b68e51901c9ed60bcd8842d70dbd6596607,Not Relevant,N/A
coda_dataset/8250-Hacking-en-6710969c7d7bb98e6e07e4b7336b6f7f247dfd33bc5ad6dfd83f53f9ac952545,Not Relevant,N/A
coda_dataset/2817-Hacking-en-7e61147eee6f43bf54dae5e7882ce6d1cadd05c59703c91dcaecb19f2f2f40f4,Relevant,Hack
coda_dataset/1148-Hacking-en-3df41636819465f691d72bc2e119b2767fdc3a07f97d07e0fa9a5dbb780882c3,Relevant,Hack
coda_dataset/9935-Hacking-en-5cb508a2939e01043708ee3d79653483de140f316a91b4aaf86198e75fa5ef52,Not Relevant,N/A
coda_dataset/606-Hacking-es-44ee4a407f570de4b668221367b2ba13ac41c057e1704590255835d698a83429,Not Relevant,N/A
coda_dataset/8221-Hacking-en-58a2aee108d510bfea44f98528cf0fe50fb35d333807f62e4955aab5493328c6,Relevant,Hack
coda_dataset/8413-Hacking-en-ea3c29e094997dbfe51a03ff9388dd24e7f417c22837a939f503367065dbb542,Not Relevant,N/A
coda_dataset/8206-Hacking-en-f59a8e5141d4d6983b5b90103d4db02100f15dad6dc785c1783e37329d75fdc5,Relevant,Malware
coda_dataset/8491-Hacking-en-4131d6847794a4fdeff050eab5682b65560b807e3518e914ae41b47ed20bf9f6,Not Relevant,N/A
coda_dataset/9960-Hacking-en-e33da4bda83b8a4918f3bbca067c4f2dbf32226b78001dd465e1f562adf2ba19,Relevant,Hack
coda_dataset/4617-Hacking-en-41ae7cec09a3c1d6852ad727d6b65a44ad28cd97d86c212f24551cc6cad54000,Not Relevant,N/A
coda_dataset/4559-Hacking-en-765cfdbb45451ddad6ea5b2dea5e0290362eed1feeea216192292a6467d87fc7,Not Relevant,N/A
coda_dataset/8287-Hacking-en-15ad4a8cd3e7a66cc7306126d6e8652f2e34dc3ff65ac9b6f91bd18b10710e2e,Relevant,Hack
coda_dataset/4526-Hacking-en-55131af8523cea78a15ba062a0181295cf9403f7f457b11cf477b4835972ed63,Relevant,Hack
coda_dataset/8396-Hacking-en-28c6b49676e55393e9500118f321a40b79b237f93f613da7e362b164bf6a1bf5,Not Relevant,N/A
coda_dataset/5185-Hacking-es-80eb4357a12e4f57e52c0dbe77c34f28546ad68af0b4bff9d76a1cfa45b84181,Relevant,Hack
coda_dataset/8309-Hacking-en-045897f03516f3dce2c4e007db07825ea73414ace277302240210f9d587c309d,Relevant,Hack
coda_dataset/8301-Hacking-en-aeedb9ba3db79325e0befdf231bcf44a4aa6803c8204bfc5c138c44bb052f92d,Not Relevant,N/A
coda_dataset/8488-Hacking-en-828b5d3b0de6ea560d55c1b09d341ec731d586537ce138f2e9523e5a7b3e02d8,Not Relevant,N/A
coda_dataset/8273-Hacking-en-84128d558365a21c5be7c829054f87a68725e280e26e510bbcf3c7481cac99e0,Relevant,Vulnerability
coda_dataset/4538-Hacking-en-3175a4073e5c01393581c9b29e8f45dea584e7b07438074a6e9637822cf370a2,Not Relevant,N/A
coda_dataset/8274-Hacking-en-5ef0bf23d49a394d2bbf957d7297f242ab9a530ef810b45af666f013f1af8062,Not Relevant,N/A
coda_dataset/4646-Hacking-en-9433e27a8ccebc27831799350c0cac182f3c54415eb17cab1c1fdd95d4ddc302,Not Relevant,N/A
coda_dataset/8400-Hacking-en-e8fdbc049c911f825096664a0e4f04c3ac75e9e638e829a2dc0880ef819f1fe2,Not Relevant,N/A
coda_dataset/4672-Hacking-en-921c3a21061c6e6663c5d4f48e2f430ba84514077477436d3e1d8aee2f2987e0,Not Relevant,N/A
coda_dataset/9957-Hacking-en-271eae7b7c188b5dd5fc644a40eadd5d4c68f22a4cd03dfd13b3406a17d6fdc7,Not Relevant,N/A
coda_dataset/4620-Hacking-en-bf4d55db053174856d6c71b193356a43e1bd7269706d6a57b394b8a994e82492,Not Relevant,N/A
coda_dataset/4621-Hacking-en-e3e5ff31956c7176f156661262cf26a5d5ef16874d241db192e670cb96127deb,Relevant,Malware
coda_dataset/784-Hacking-en-fca1a8fb00dbfe4e01b79cf487aaffaf3a9ba5e7c4cd11e937a53af72b97244f,Not Relevant,N/A
coda_dataset/8372-Hacking-en-34cbdcb5dcb85e889fba122c30a7cc6a47a8a8845f05379b693d376d2fcd043c,Relevant,Hack
coda_dataset/8506-Hacking-en-f4a0d01956929da49369e8daa87dc75bd95529d88aa050d2395e4ba750714e7c,Relevant,Hack
coda_dataset/9948-Hacking-en-4993a361cf9364d3879eadc1e665b4c039024f2e82816e9d97dad9630d9015ec,Relevant,Malware
coda_dataset/1645-Hacking-en-4106780af132a9f64fb1f8753627580dddf197cfa1a039c5916ecf6da1de447e,Not Relevant,N/A
coda_dataset/4532-Hacking-en-b6bc6bb332ff974e85c1fa70ac4668c3202df228d424bf7d5cbdd57e25b64b41,Relevant,Hack
coda_dataset/8421-Hacking-en-2e18c468c437cfeec322aa87c1709470c46dff9dec08a6a238376b5ad371481f,Not Relevant,N/A
coda_dataset/579-Hacking-en-78f29419ad90e6b3ccb6563304c4182dacb75b05896ef02ba48a53ad69c4f34d,Not Relevant,N/A
coda_dataset/4666-Hacking-en-a9b403bc274bca5117f2b0bcb705736e90d21e46c66b7cbd708b296c14a20b61,Not Relevant,N/A
coda_dataset/8323-Hacking-en-84273a100ca35e55586446b9a1bebb9f069d9ab734b726a83da3edb5081c3c17,Relevant,Hack
coda_dataset/9950-Hacking-en-bfadefc021948921425adf50f6f1741fa5e44ad999ad7d83b60b5d194cc91807,Relevant,Vulnerability
coda_dataset/8474-Hacking-en-83c58173473dbca77eb5ab60937eaca36a2981ec9a9a0d2cfd4412951f49a73d,Not Relevant,N/A
coda_dataset/8407-Hacking-en-7cc595bde583c8abc88bed48772e5683ff7d711c55d2c66c318fbe903283baf5,Not Relevant,N/A
coda_dataset/9981-Hacking-en-4220a7a8540e8dc7123f10afab720111a589838758f5b925a54cb440c0db427d,Not Relevant,N/A
coda_dataset/4654-Hacking-en-2a27ef5af49deaef89340541bedce39f1b377cf5c586aa4c1f3766fa7d7ef39d,Not Relevant,N/A
coda_dataset/4649-Hacking-en-38f302e5521fbbe8e1eab238192537efe8f95fb16dd3afc8a538faae1bc61c7f,Relevant,Hack
coda_dataset/8435-Hacking-en-d0561d8c06107fa1d9df53c8564251551f886aba31c620b4ae808414e81448a6,Not Relevant,N/A
coda_dataset/8460-Hacking-en-a97bb7bf289901ce1db3cc27e23f04e56857cb25975d303cb0e468831b5bac99,Not Relevant,N/A
coda_dataset/8219-Hacking-en-6fd78a6a1d25f65020d8fedd5e9f772963092d25cfebcc3aaa9f6305f1c6bfc4,Relevant,Hack
coda_dataset/8332-Hacking-en-a3ba9c55258981952e405044183f8c226636286dce57cf9e54f94d32a0105c84,Relevant,Malware
coda_dataset/8475-Hacking-en-28430d32e186be90e9cafcef032ab0adaf2eb3286dc50208057f02bf27f75957,Not Relevant,N/A
coda_dataset/4576-Hacking-en-47541967567586165a163590fc983506e5c139e1031e030e20f3c925e8de986f,Not Relevant,N/A
coda_dataset/1908-Hacking-en-2af04431d0c37dcc48706848442fb6c37b3425563858a7bda19871075b4dd4a6,Not Relevant,N/A
coda_dataset/4545-Hacking-en-34cac2e5afc81035f4bb351f018e8ff469301739091243bc4ab7bc519b6ba5e8,Not Relevant,N/A
coda_dataset/50-Hacking-en-71d03d938509eff92216e54fc5e9b0a1b2f532b14befc49db0d0b65791e586e1,Not Relevant,N/A
coda_dataset/8350-Hacking-en-e4e390625fabf95b3179f64c58b18468467ed00489b8285f03db48177563ff87,Not Relevant,N/A
coda_dataset/8283-Hacking-en-e3f4ee3ac01f8533525748cb47cc1358eee6fbc36492f1fbd03da459d0523408,Relevant,Hack
coda_dataset/8530-Hacking-en-2dcc0ceb22f8e246075b8bb5ec2bd50d3f57a131ef2c4797be2050b238bb8a78,Not Relevant,N/A
coda_dataset/8401-Hacking-en-0365af921cfe11d9439b0d536695eff212fce4cb01ef0ada2f10c0f9b361d397,Not Relevant,N/A
coda_dataset/8449-Hacking-en-c72eb93fea837551660c77fb9ba443bb3d509424834e2c4aa1643062521bbcc5,Not Relevant,N/A
coda_dataset/46-Hacking-en-ee1c1beb7177b05775239021610af77fe4a8c6e8e82f5737c29559180f1db531,Not Relevant,N/A
coda_dataset/9965-Hacking-en-48db0ff8f4edfdcde4c0a8eed3ebe0277a4e1cb74932e89b840f97b5838ea433,Relevant,Malware
coda_dataset/8477-Hacking-en-e9bf90ef8f9d6b0b770f1c9be3535a1607a88217e5a778495343b558d29c48e0,Not Relevant,N/A
coda_dataset/8376-Hacking-en-4f2706456d2cfba5f46ec21b32eb1b983e3cba3c30de9bc880a33584d70d2ff8,Not Relevant,N/A
coda_dataset/48-Hacking-en-4c5ad0d10f62fdf30a089573956bb1d3f36a06e31d45ecdeac43cc5fc560f884,Not Relevant,N/A
coda_dataset/8382-Hacking-en-9f79c15d02bff593078ebaff8321e941d0511109615976b5456593409a18f112,Relevant,Hack
coda_dataset/8348-Hacking-en-f935bf5b50be8775a214d76e5215605056503be53bc709fea245ddafc3e49bd8,Relevant,Hack
coda_dataset/1775-Hacking-en-98639f456a5cf57be52a380103753642bbe3cdb4b84644fddac3680b4ac89554,Not Relevant,N/A
coda_dataset/8440-Hacking-en-d1ae22ef15b7940469cbe62170c50b682128c9c9854f5a1d08e56eb9c8d92319,Not Relevant,N/A
coda_dataset/8314-Hacking-en-c27fa8028ed7cadba35c307cc5dcff953e8f02acf01681ecd9f893f19aecaf02,Relevant,Hack
coda_dataset/8313-Hacking-en-caf2f49735c7063f15e3c212fc3f09609dce5117e718a0cae9d86b54c03030c2,Not Relevant,N/A
coda_dataset/8377-Hacking-en-7806058b3d99cc28b0fc0276f6708acff6daba7d5c92bd273f7fafbb163c0074,Not Relevant,N/A
coda_dataset/4530-Hacking-en-dec44ea8eb749a39ada4aebfe18134e26f4f7059ee0f8d6de07933aeb6fedc24,Not Relevant,N/A
coda_dataset/8228-Hacking-en-ca748b55877aef5082fe57108f9486a8c80ed8f4dbd8c3e5a75974dd7f2ff8ee,Relevant,Hack
coda_dataset/4659-Hacking-en-f2777309a5e0e2cd023dd7c4e9e6ed52df842388a64597c9738046526c9c1b07,Relevant,Malware
coda_dataset/4589-Hacking-en-8d8649d919a42d7e46e6bd206a46cef8abda80af9d16e86cdc391e3658559876,Relevant,Hack
coda_dataset/8490-Hacking-en-1f948419d0de4c08d45eeb1b01e68e9833b4315193a1bdee8b27c340b141aa2f,Relevant,Hack
coda_dataset/9949-Hacking-en-f1f8644f7b591d29094a313d5028ceecf727bdec918bb9c445ec33ec9082ceb7,Not Relevant,N/A
coda_dataset/5130-Hacking-en-aff45a9762578cf4f5808376f1dcffc24a106a6f0a8be737343cda4bf6557409,Not Relevant,N/A
coda_dataset/2769-Hacking-en-37c60d9cfdc8099d991b26c7278d386a2fd59bcf0ce3766434a926dac3b7f780,Relevant,Hack
coda_dataset/4663-Hacking-en-34cc102771a62ca75aefd05247cc9d2281f832c1e82088b296b9978f4ab6cab6,Relevant,Malware
coda_dataset/8214-Hacking-en-341bb49a49494340f3a6c82e0d53c2c5aea5a3bc750b186dc8d509e15ab1e265,Relevant,Hack
coda_dataset/8216-Hacking-en-20fcc5466569ec0f49ea2397f65129e0ed8dbccfb75512102fe499a8c619f1ed,Relevant,Hack
coda_dataset/8393-Hacking-en-62dbd42057207c9161cace76406512eee241dc4e49c4da32a96d6012318ee9fe,Not Relevant,N/A
coda_dataset/9946-Hacking-en-09f63fb3442c1d4cb68a70da8f7e5e95755719c5f779ac5ca06503cef6e51ca8,Relevant,Hack
coda_dataset/4643-Hacking-en-2c08dad744bbb8e1fcb07b00f97a992cb31d49efe93220a83d2f4e9fb7e999b0,Not Relevant,N/A
coda_dataset/8392-Hacking-en-4d86b627ecbe76b711fd5d74822da21db639fb369458efdb527656c5f0f5f23c,Relevant,Hack
coda_dataset/8386-Hacking-en-9c3c7aaa30a5464907ebbeb16d60c61b01b147b2d97b69db3b02a1642a244be3,Relevant,Hack
coda_dataset/718-Hacking-en-c0d99bd9510440649b2be41b9a936ebb79b19f7c660767c8b1effd03a99ad769,Not Relevant,N/A
coda_dataset/4606-Hacking-en-2c19c86d4120ba16be476285150db7d7d9bb88a18a2252f91e03166476b14dd6,Not Relevant,N/A
coda_dataset/8446-Hacking-en-7564afca7e9947f255275a6fc3f1734a2b30c0dce5c0c1b9c22439c090f6d179,Not Relevant,N/A
coda_dataset/1744-Hacking-en-049eb243bd76a3a209f2dafef485dfbf6c2674348798d4fb3ba8a0a0a4550c61,Not Relevant,N/A
coda_dataset/4587-Hacking-en-2a8abb546fb4b31377f141f7e3c5fc8248b3e0a1641f805bb0153ecb5c6db5c7,Not Relevant,N/A
coda_dataset/4568-Hacking-en-b6c94c68f3e8801801376c3ffeb8d4cb419c8a6df34de3e0d0f1b83b8760b81f,Not Relevant,N/A
coda_dataset/1099-Hacking-en-80057633c1e550f9b9fe9dbe271e05a3b4786a0bca62c9bd143a20f6be4e0a32,Relevant,Hack
coda_dataset/4534-Hacking-en-461ba50bac185d022e285f2631e25aa89209bfb30ef2aa79bb1ea1cca8439efc,Not Relevant,N/A
coda_dataset/9967-Hacking-en-6088582ebb136ff56df529dbea25609e922959d2ccdf38d43a7ecc5c89965952,Not Relevant,N/A
coda_dataset/8458-Hacking-en-5efecde2980bdcad4bd7cdeee560c38f55f0f7bed51651249eebc0eb07abe2c4,Not Relevant,N/A
coda_dataset/1734-Hacking-en-21b69733ea05dc6d860ed7e298b9adf8ba9f2f8ab7739297ec7e38f0307cdfdf,Relevant,Hack
coda_dataset/479-Hacking-en-484c575d0ec7cac4ca5d1463b5c214af63e14d8674bb1dbfa8c39f45eb1fdd97,Not Relevant,N/A
coda_dataset/4560-Hacking-en-6d7829f34f69f014082ea4c0558634010aaf56c064c006d9ea2b2be62a816913,Relevant,Hack
coda_dataset/8285-Hacking-en-f98c3a33dd84a0c2b85af178bffbecdf6558281504abc46eb4668b48c9ebf765,Not Relevant,N/A
coda_dataset/346-Hacking-fr-54952c47d208532a982f3257b19b51236fbeb4efc6999b3f7265931fc87bdc0d,Not Relevant,N/A
coda_dataset/4688-Hacking-en-ddcaa811a3ee191c9331684ad695b99bc8e98f958b2213eb59e306ec9dc91576,Not Relevant,N/A
coda_dataset/8469-Hacking-en-a5f7fead2970d17b5271a9e88acdde76910b309773c6bcca4cc5f3a15c05d5c2,Not Relevant,N/A
coda_dataset/2386-Hacking-en-c72308383c4f67e43ba96da2a10ec9faad9427e5d00a6c54bfaf7162b348274e,Relevant,Hack
coda_dataset/8422-Hacking-en-1eadb04fbe40099d9a47ff10453c2fbc77f4f6388cebb879360df168e3204cd9,Not Relevant,N/A
coda_dataset/4674-Hacking-en-9abcda379d171dc59dbf1c31daa4f80a2050f8e1746d04cb3ed627aa3776473b,Not Relevant,N/A
coda_dataset/9942-Hacking-en-afd4c787008b653189766a1c762a3394c571774d26991e89dd80ed5cab1bc598,Relevant,Hack
coda_dataset/8526-Hacking-en-86643135d5704520c0a097377557d81d8fd0e11a3e0633a2ce023a3876dcc448,Not Relevant,N/A
coda_dataset/8265-Hacking-en-5c0e24040a4d98783bd4bfa0bf1e6f15667abb9417efa7fb363e57a811cd705b,Not Relevant,N/A
coda_dataset/8230-Hacking-en-7f2bff1e75a2ed804f49fdbf3c630d9e496aafbeb1e160ed7efb2bd201af1feb,Relevant,Hack
coda_dataset/4668-Hacking-en-4b8496e5cfbc7b440ffbf3ca2d47f80aa16544f001f15f4cf587711f8aaa2607,Relevant,Hack
coda_dataset/4711-Hacking-en-2a2027700a2521d46cc70f833e43533cbbd07af750944ff7233a8cc889111d18,Relevant,Hack
coda_dataset/2722-Hacking-en-fa5b0c1584334e405f955f85879356ba021f737e052bfa7f8db7f333f0831614,Not Relevant,N/A
coda_dataset/8367-Hacking-en-c6fe464683844549f205f88e3ecbed6fbfd0557fbcd445b93512cb401fdb2763,Relevant,Hack
coda_dataset/9974-Hacking-en-51f9ae5fedf5f2009ea71d38dd7d6e9fda482472edea24af6a50821c8b485534,Relevant,Vulnerability
coda_dataset/4673-Hacking-en-b589f139ef0333e9846bc8731651433518634645288a71dd94cd30723d9bea0b,Not Relevant,N/A
coda_dataset/4660-Hacking-en-91fe28658fddf2235cbc4babb0469df8362a0b5564a3acccf8442834413261e0,Relevant,Malware
coda_dataset/8308-Hacking-en-b0d25a3ede77ceafecf3d4f698016213f43b814c92e6fa559500112a35b3fda1,Not Relevant,N/A
coda_dataset/8423-Hacking-en-87fdde4d991f4f0294997ae55d375aae714abaf9fe9f940d24d08b449a1cc4ee,Not Relevant,N/A
coda_dataset/8362-Hacking-en-fa1124c1f4dd3c2dfa6e1e3c02bc1ec4c00a195991fc7f91e1f4c68f568584c9,Relevant,Hack
coda_dataset/4647-Hacking-en-581d4b5c70457244f9721fc6f4fb065516ce3dff99f4a3978656f4ff24c2439c,Relevant,Malware
coda_dataset/3660-Hacking-en-57d02634bba853f8cf7a75474ef16278b74f100474151bd524882efe69810cb3,Not Relevant,N/A
coda_dataset/8307-Hacking-en-d35f9958062d156d669ac75ee77b4d663d3b0fee7cd63b7c4d145ff8d7945a53,Relevant,Malware
coda_dataset/1839-Hacking-zh-98097c99cd7b00682c94deeaddb08399d12ad9bd5e506fc411ff30c9d42b65a2,Not Relevant,N/A
coda_dataset/8202-Hacking-en-9968ee5d14e457bee074b8e51451fcdfd7e26bf5e5e61b90ba35f36173347a7e,Not Relevant,N/A
coda_dataset/8293-Hacking-en-aeff4957842373374bd53ec94fbf8d54c4bd01a960f35844281bf43e10d85d95,Relevant,Hack
coda_dataset/1711-Hacking-en-fd6c1f95437e5f7b4e417b6f28a227047cdf0d793a08122d2e9b547ebc3f0738,Not Relevant,N/A
coda_dataset/9978-Hacking-en-7401642a7c07fa94f8e0e3fba6e4fbf784735c3e680f2c424d921adb6e32a670,Not Relevant,N/A
coda_dataset/4533-Hacking-en-1a4f4626313d9a551ea872279aa3180ff56cdf7219ca62bba6a21ade799d8fc1,Not Relevant,N/A
coda_dataset/8509-Hacking-en-5de324c2a4a191204d01b34dbb0933e0e29d1daf917bb0c5c5f0e3d73b9b87ad,Not Relevant,N/A
coda_dataset/8196-Hacking-en-290b9103319f28bc2c8130754febe05010fedccc82602a303a04877bb19dbe94,Relevant,Malware
coda_dataset/8515-Hacking-en-1a577969a2980000ddcb4a52bacaccae9d56cf53466004d91838acee4718abed,Not Relevant,N/A
coda_dataset/4544-Hacking-en-0cc37de052a786c059a64ba62ae8620ad297d244373eb07941e76d3670525b85,Not Relevant,N/A
coda_dataset/8365-Hacking-en-a73d6cb9d14727355c4965a308735fa7af6409723a0e6adc7dd6c656f528fcec,Relevant,Hack
coda_dataset/8456-Hacking-en-561aba499eeb47789a6971c482b8e152d25a608ff4bb8ba18a67e3fb8c3758b8,Not Relevant,N/A
coda_dataset/8374-Hacking-en-a711812833a99b79d827884251825ef258e6ce1f56d02d31f7edbba4f52f74f5,Relevant,Malware
coda_dataset/8329-Hacking-en-e3d4bf2fd481acfe2211fa2f714b912899357ef955eba05b11e69194b294b499,Not Relevant,N/A
coda_dataset/8232-Hacking-en-9c45c51380f2c967f8661c59c2008c915985f34d71c9ef7e25251b894fb07c4d,Not Relevant,N/A
coda_dataset/8481-Hacking-en-bae85a05881e888010eb00be06e9626a841d9011906e5dce1069010cbaae8255,Not Relevant,N/A
coda_dataset/8266-Hacking-en-4429232f4d791ba1ad39be3209403ac92b9904a975cfc2add93ba9980dfa7e13,Relevant,Hack
coda_dataset/5544-Hacking-en-c7050ce2f533499e9cdb2fed9237a5a4066b2100db8f14147467854122600ba2,Not Relevant,N/A
coda_dataset/2512-Hacking-en-cd530aeeb0ad32d2c7e1f959500e7d32fb02f81ebdf72f5cf4831c414b1837b4,Not Relevant,N/A
coda_dataset/9973-Hacking-en-57fced622370103a8a2da76c9ff54599ef23f1bda9faefd97ef9dc53964d7327,Not Relevant,N/A
coda_dataset/8208-Hacking-en-9c465bf699402a3facbe5243230cb5fa7ecaa2d4c5754e96fc18d1cdcf27ca64,Not Relevant,N/A
coda_dataset/4604-Hacking-en-48d82db45c7fd413129a5f3642b062537644f92553b943e6171b9240afe39114,Not Relevant,N/A
coda_dataset/8343-Hacking-en-620f8175ea5a31fc369ae43a948cb0d90f16109e91700f0da1aff241254acb31,Relevant,Malware
coda_dataset/8383-Hacking-en-3ad1fd0051e0d1b47756d489774c811ea395a3b6efbea73a38a2af78255e0ab9,Not Relevant,N/A
coda_dataset/8534-Hacking-en-fddc6b7da85fd6a0a185dc88d60368c6be280d0bcecf36d11512d8bd8216f306,Relevant,Hack
coda_dataset/4691-Hacking-en-0c90dbd8c21c70c17ef4911a60ad8f15e35e3face294450849f5568d9bbfea0f,Relevant,Hack
coda_dataset/432-Hacking-en-1806ca367e364a2f87363adda381344000afe2194ea24b641854ef493008299e,Not Relevant,N/A
coda_dataset/8302-Hacking-en-2d78756cae6f633a232358907141406fbc0679bf1a4bccc76306b6d7ebf4803b,Not Relevant,N/A
coda_dataset/8341-Hacking-en-04c87d0849888094899ee519f910524893656ba9bc732cfd75b33ce639029291,Relevant,Malware
coda_dataset/8467-Hacking-en-3efc3cca4f907a5c780b38dbd76222d1645860fa4c0d6e37348a845f2877366c,Not Relevant,N/A
coda_dataset/9972-Hacking-en-3761e02479d41c91a435f59d75007ff8d85f8fa77d3309490930665179d46407,Not Relevant,N/A
coda_dataset/8258-Hacking-en-9df178b2b7f42bc7f55ebf8689d0afb69883347a762902e634cba296108afb1c,Not Relevant,N/A
coda_dataset/448-Hacking-en-db02eda4e8484e6f374932ff95538504adfe70cd6f27b07d285648fe7da7e6d9,Not Relevant,N/A
coda_dataset/8522-Hacking-en-64ed9d1941d60b20eaf7935f2c8d731092895164a18413b0c904c96a492b773a,Relevant,Vulnerability
coda_dataset/5449-Hacking-en-45583154708948020ece7d3e02df5a50bf0cede2db922166a62f2f62f50791b6,Relevant,Malware
coda_dataset/4634-Hacking-en-e6c7df8196490def83032217d7187ffe1b4b80a07070e8731bb80eba2f8f48c5,Not Relevant,N/A
coda_dataset/1825-Hacking-en-85ae717d1a7e0571cc3be7f7835a0911f7ca854d1f28cffe45ada88b327d0472,Relevant,Hack
coda_dataset/9955-Hacking-en-19a55d15c12a4261b8542e59207aa4a989763efc6026163300995acb4b5f764c,Not Relevant,N/A
coda_dataset/8486-Hacking-en-7815c4a159fba8731cf624f28cbf78315fced1835fdfe5b4e59a61691ccbbe7d,Not Relevant,N/A
coda_dataset/4665-Hacking-en-10c0773f5b7b589104ff4ee21a6cdb698f830d143b358f1f7441104749034cda,Relevant,Hack
coda_dataset/8211-Hacking-en-482c5abac6726832db48112ba39b0f4eb10389e894647cf075c84821cf6d3e1d,Not Relevant,N/A
coda_dataset/8484-Hacking-en-f3ff12bc0a6bf35a2b1e2ef2d78d59d642d4149408083895c50521f4eabdf271,Relevant,Malware
coda_dataset/8294-Hacking-en-42b3af85c1a5da1405e78a457f8a7bba12593cf24635341232d6c960b62942e7,Relevant,Hack
coda_dataset/8339-Hacking-en-b4cd237a64bad5a84780b6a6468e71a61869a4914abcdfeb855923bf4121587e,Relevant,Malware
coda_dataset/9953-Hacking-en-b2acf8b703c095b5c629f4b255f2d0d1fcbdb485cea034c00380e6fda608aac9,Relevant,Hack
coda_dataset/8222-Hacking-en-e25d35dbf74732603f5b9e308433a04c10a493d9248b57cac379fb9033be2fe6,Relevant,Hack
coda_dataset/4594-Hacking-en-212217b554b4d1da68facb1425e6404ed4ec161f03968568904d591157ff8321,Not Relevant,N/A
coda_dataset/8330-Hacking-en-4dcd3876f16f064d1cbe4829d7b2ce7e7207944a2990a736e997acf9a82654a7,Relevant,Hack
coda_dataset/8260-Hacking-en-5d6679a04071309da31d5214fb9e938ad3902c2f0ba8432e0f0f0292b08af5a9,Relevant,Hack
coda_dataset/8370-Hacking-en-abc47f8ace78650f423c483be15d772973ed3ffbb08eb30d76184143aab28161,Not Relevant,N/A
coda_dataset/8450-Hacking-en-07c553bf5d6301d052c0148ae2859851de9c4eb7e3684d067a550d62e1e4e2eb,Not Relevant,N/A
coda_dataset/2678-Hacking-en-af8a1ae4ce21e8db8339e8d1167f1177cc71208ca82d868783f38f99c05eb3bb,Not Relevant,N/A
coda_dataset/1309-Hacking-en-be3df8529c652b4611af13d4ea474acf665959137214caac3cd5a17089eed2a2,Not Relevant,N/A
coda_dataset/4626-Hacking-en-92d3c7279bd465579483bda94b0edde443579429347d73a6ada7c91628d5340c,Relevant,Hack
coda_dataset/4585-Hacking-en-ca55b9db75d8ce4f357049177040d33933bf11987bc2d204d20001e1f09ba2dd,Not Relevant,N/A
coda_dataset/4531-Hacking-en-75e055973631dfb6abdb5916adfc1d9a1e59845adc23abf9af4747f665f6921a,Not Relevant,N/A
coda_dataset/4695-Hacking-it-f8f6b8c1334b2303e4a6e564dc20b5477214251ad65e9de223d2a8bd6e6899fd,Not Relevant,N/A
coda_dataset/5041-Hacking-en-b09a4fb8bc8a7bd693b96da805b22b60a7eccdc5e4085bbd7dcb36be97f7788f,Not Relevant,N/A
coda_dataset/4614-Hacking-en-a60ec74a77772d7160ca244abbf2f233bbcf4b78f34a20001661ee20c48ba89e,Relevant,Hack
coda_dataset/8324-Hacking-en-a32f1874e312f46e86cb0ab772fd9a02086e59b91442f0f18cae747076df4e9e,Relevant,Hack
coda_dataset/4535-Hacking-en-e9615493ff5c62eeab9c3ba0bfabc441054d4601fda0db9e497ba0670c5eb779,Relevant,Hack
coda_dataset/8470-Hacking-en-61589f8951cc6b9a6733765ae25855ea6a5f3b7c775f63135231dcaa45daa2a3,Not Relevant,N/A
coda_dataset/8472-Hacking-en-bd66faf6a8b1b6532bd3d3a666d1cf16e9fca07cf7e6ebe1e4cd9926f2555214,Not Relevant,N/A
coda_dataset/4713-Hacking-en-bb362d56dd44f8eec1f64af17d2b02795f550b97d862dc5b5c93f190dfb89d17,Not Relevant,N/A
coda_dataset/4553-Hacking-en-4ea910d9fb59b1c217dab3a0ed72451156d60ff7fe144927d905090c686e2882,Relevant,Hack
coda_dataset/4700-Hacking-en-3b57316b5e80733cb47d499cf9cd59d3b4d2526bdeab8c6484fd1d4f8976ca09,Not Relevant,N/A
coda_dataset/8318-Hacking-en-222747a5df6deda127b479580e34a2218cd3ec3414d95238475845d0013c07e8,Relevant,Hack
coda_dataset/4556-Hacking-en-523469195f4426e66604741f555beb5787ec966954a4b5966083a5cb64876b92,Not Relevant,N/A
coda_dataset/4725-Hacking-en-12dd539f9067da3d44e94d1c2db86eb8c25533ef4dd1cd74601510cfc4756ca2,Relevant,Hack
coda_dataset/5112-Hacking-en-d2b1a947da3549ca81d6e9b2697226640eb8ca2b2c5346e9dfdcbf6b0319bcb5,Not Relevant,N/A
coda_dataset/28-Hacking-en-20d2d10f789f53b1d56a0f7e2d8131cd17926867eefd69af60754ffeec3ca18d,Relevant,Hack
coda_dataset/8224-Hacking-en-da4b865c111409fd6bde635d8744328b839951cf43f8a1fb723f83a936b67ade,Not Relevant,N/A
coda_dataset/4624-Hacking-en-e40269803a01bba93c86850d0c7762bf749a40e564c0540b9bf39c10cecd6866,Relevant,Hack
coda_dataset/8267-Hacking-en-c666d5b78280145c6a0278983a599d77bbac493cba2dece74b190fb265907dd8,Not Relevant,N/A
coda_dataset/4721-Hacking-pt-c6ddd992c76046bc9daff4b8bc979903bf22384d7c22bfce10b9454def025d3d,Relevant,Hack
coda_dataset/8331-Hacking-en-cf1185f5084a4c220d3c61982bfdaba3fca68c624c4754745f85247f13368a10,Not Relevant,N/A
coda_dataset/8510-Hacking-en-c8bc602ef482b12de87d5e5a6ddb680b04bb98afbf5f357a7e40fd465597683b,Relevant,Hack
coda_dataset/8459-Hacking-en-7566246dbd98d5c48b2b0c4ce445bbd47e4315444857ccb13dbb66a2a6239b35,Not Relevant,N/A
coda_dataset/4705-Hacking-en-0ce3dcfa854483d1107bd45a5e4373ea6854b5af1a328415c0c41fdfc2d818f1,Not Relevant,N/A
coda_dataset/8425-Hacking-en-a84c3205650b237c52a01d6d89a03330569e426729ef1446af5b000abbf7ce37,Not Relevant,N/A
coda_dataset/4583-Hacking-en-abf265bffd83e4082bbc0fe80324b7aab591a5b87f0df174618044b3405dba3d,Not Relevant,N/A
coda_dataset/8200-Hacking-en-6cdfbf63f04e2ea5c366ac8aa0bb4c6e347b5a6435a14bc492606a9ac935733a,Relevant,Hack
coda_dataset/4636-Hacking-en-e77b297150b7025009f1001392d2e5902aecb7fb818351054214760869a5b70e,Not Relevant,N/A
coda_dataset/9933-Hacking-en-6f75184a61a3d2e7f113045406682ec3ac97f436a1289718a87f111d54b48fee,Relevant,Hack
coda_dataset/8298-Hacking-en-92b617255981d197008ed77de94d52a220297bf069e05eb78ecc77034a23d611,Relevant,Hack
coda_dataset/1392-Hacking-en-9822a70e7913b0c1de191fc3ecd74a3d9a1048233177aeb670939de139f5fe31,Not Relevant,N/A
coda_dataset/8237-Hacking-en-2ddf03253d0d88cae9ea8cd245a2e29bcf625a19cac633f59c72f09aeaa0a8ce,Relevant,Hack
coda_dataset/8528-Hacking-en-b60fdc878354376ad9f7939b5942ba295f4eeb04603559d4086a291c0b56988c,Not Relevant,N/A
coda_dataset/4567-Hacking-en-1cc87258e47c0a481153b8a33ee238dcc4551302c84eace69e72b62ec1d7b713,Relevant,Hack
coda_dataset/9982-Hacking-en-415fa145e2b8a9739dfc566eb21d731e5be9ee4b1c80c2c5d971c13e297bac44,Relevant,Hack
coda_dataset/8321-Hacking-en-561aa22c1c686818b95d6451b0885448b3010d617a53d8ad3c34834105da49e7,Relevant,Hack
coda_dataset/9937-Hacking-en-a39e1b2d0ccd304f9778f9d3b858deffd2708cfa8346d307171dc4d3c5fd62d5,Not Relevant,N/A
coda_dataset/8345-Hacking-en-8c4d2900fd599ef40621617b218a09f3bd68d83e7fbc5405f04bb29eb32a8b64,Relevant,Hack
coda_dataset/1709-Hacking-en-8b857e354d62a21001f0d0b682a3d51073a4fcf44d00bad73cf029ac2f11cf7a,Not Relevant,N/A
coda_dataset/4675-Hacking-en-29ea8fb6364a29574f092e6870cc779639917de4b10ac3312a5095f10fbd20fb,Relevant,Hack
coda_dataset/4726-Hacking-en-ca5b0c208c1ccedd997f87fe4e6e6f3cd903700d18f0e457896a8e17c6a5ceb7,Not Relevant,N/A
coda_dataset/8231-Hacking-en-78cda6d6d4ecbacd563f816be605684e336b940d75ebc32a7c9a21a6f245d4c5,Not Relevant,N/A
coda_dataset/8453-Hacking-en-a16a6f02ac0835e4ba966229e3c95e8ae9d05c13c94e7a8865663d743b51659f,Not Relevant,N/A
coda_dataset/8204-Hacking-en-c1403a32f0591a01c09c2b60345047306edbcfd7d5484b76b9eae7e13caec589,Relevant,Malware
coda_dataset/4542-Hacking-en-46b0c2e2faf4b41451bdae775042652841f43d465b3ab7a6e3e1ac1a03b00ea0,Not Relevant,N/A
coda_dataset/8451-Hacking-en-2902cbae4ed9317d4c9d7274b642f2d74e5d74ee77896354e3fc18e18def5be7,Not Relevant,N/A
coda_dataset/8315-Hacking-en-a2f04fb1399857ba329b0f519300c6da5fb952adf0d0e4cdf50d1575d4ffc9cd,Not Relevant,N/A
coda_dataset/4565-Hacking-en-b882313bdfd138c9dd1b323101e20f685bd050ed1894f31ceddfbf501d88e399,Not Relevant,N/A
coda_dataset/8263-Hacking-en-f2aca7805b21aaff3549dac8805284e10a40090747084cb2dc4effa6e224b285,Relevant,Hack
coda_dataset/397-Hacking-en-22e299e3cc853e9b7758da05c47080c1d7396ca8527ad15df932e3cffed9b14f,Relevant,Hack
coda_dataset/8255-Hacking-en-174212cb26d5d7986bc1b0052bd8b05dcffadfebb42cafb9af1dd3c0110d4e59,Relevant,Hack
coda_dataset/8414-Hacking-en-595d5fc050737e559c0340bd0faaeb31187029cd1204f3c5f3daf8697be1784b,Not Relevant,N/A
coda_dataset/8487-Hacking-en-5cf5a3fe193bf333779e55e02019bf0923a948d4bd7872562d270befc305e3d9,Not Relevant,N/A
coda_dataset/8223-Hacking-en-a29f6dbd337803692ecdd4504993695b5e9ecbb447d773775a2ccb6a7198cf41,Not Relevant,N/A
coda_dataset/4543-Hacking-en-c315be7d9a9bceea4e1001d73cf0985ef18c96763253874b59c0c07f4185578a,Relevant,Hack
coda_dataset/8394-Hacking-en-7918a464b4962bc5e46fe7265e4adf76ec47d5158ac6b1656c641b295bf341ce,Not Relevant,N/A
coda_dataset/5608-Hacking-en-1b3c69cbdaa3351b94ae1495f41cefec7e68563b377bd7b4050558369b8ac35e,Not Relevant,N/A
coda_dataset/8387-Hacking-en-277ee42c2ca024b54b047a9792be6fafc550f1b3dd06a2f8f0e69f9a4eef2288,Relevant,Malware
coda_dataset/9970-Hacking-en-fcf90e4973ebcd3bd2320fca7f4b836fa184f863ca159db950e20e25e4cbd95f,Not Relevant,N/A
coda_dataset/5289-Hacking-en-21c188f2f9e207f9a7049f9e5e4bb3c959a45cc2cdba6a3f6b2040cef79f0468,Not Relevant,N/A
coda_dataset/4702-Hacking-en-d60934553895d088b66c642c8ff472c84012e0dfe791cf563f99ebc315cb8a71,Relevant,Malware
coda_dataset/4602-Hacking-en-327d5d06fec554452cab705cb7b18af7c15af6aaf8d9b91a4d6693ac90d78d47,Not Relevant,N/A
coda_dataset/278-Hacking-en-c0205b0b14ae65f68c7b525e521b9fb2a0b569a0c7cb10be649621a319fc4332,Not Relevant,N/A
coda_dataset/8233-Hacking-en-e9b6b7d1340b2824941ee18bf9ee22ad008dc6e09d8f752a6ea18f9c3c60b816,Relevant,Hack
coda_dataset/8517-Hacking-en-ea6763ba8d2f3b7ecea7a11622cbadd3700c95c0ae23be776ea7208f3b9d426e,Not Relevant,N/A
coda_dataset/8338-Hacking-en-9b00db306bb0fe98098dc247666c2396c246a7add60f82890a3fa8299ddd49f6,Relevant,Malware
coda_dataset/4537-Hacking-en-5c38293e0baa2b1ca02472f4e6d560310884becc7ca2985d2007f3bd5977e16f,Not Relevant,N/A
coda_dataset/8262-Hacking-en-8e8a1b2dfa258da4ac6d2c0c50a10f2137105ad86c6e09ae25de9cb4f6e45d42,Not Relevant,N/A
coda_dataset/4677-Hacking-en-a26703d967e36dffb6e5755577919057535b2c9abf8d2324c3d602de02101655,Not Relevant,N/A
coda_dataset/4862-Hacking-en-6ea5074f77cfc852a042ae0583e8ab156419c65e886f1b0ba5cb660c667d9371,Relevant,Vulnerability
coda_dataset/8275-Hacking-en-80bbad79f4e4732a265d4fa42080dcde388898619ada217361e4befa6a74b719,Not Relevant,N/A
coda_dataset/5114-Hacking-en-6a7c679fbb29fbc58a92bd3575dd699ab85aba97141392fb57d64a50f5b12770,Relevant,Hack
coda_dataset/8482-Hacking-en-e18a71fa59e557ebdb85da4506ac21d4c5862764ce5b3b2f6bcb945d2327467a,Not Relevant,N/A
coda_dataset/8297-Hacking-en-cbce6c5fa8522ccc93ecfdb6324738b7a035d7e3516c36eeb6a4fcb2bc0f4cc8,Relevant,Hack
coda_dataset/4578-Hacking-en-5398f02f1cc7448555f6f90927a8182caeacbd6ac5e84c6b2f5f6d5f66dbadb0,Relevant,Hack
coda_dataset/947-Hacking-en-dee072beec3add14896f51b8454f0bbb5bb4141b3febf87e239940a1b0b19bb7,Not Relevant,N/A
coda_dataset/669-Hacking-en-243f98e6bc187c1d83231c6ad99940fbe41f22c2420996b975d90881a8791474,Not Relevant,N/A
coda_dataset/2416-Hacking-en-cb89345d4c07897e4383b4fb72a7917161a5a05db31a1c306f505bc4f71cbc49,Not Relevant,N/A
coda_dataset/8398-Hacking-en-979dc5798ae0f06500468b66485cec9e23821feb65821c82b49ae757dae5c527,Not Relevant,N/A
coda_dataset/617-Hacking-en-99e2c847f336b5f45102e803d2d591f03c9595efdc66b983bf977546f9f2d83d,Not Relevant,N/A
coda_dataset/8424-Hacking-en-b80a94665899bae72f5f22fa74b25086834caace1e0ca9fc2d162c529861d37d,Not Relevant,N/A
coda_dataset/4612-Hacking-en-4dc5f009b58f15deca7738d1ab868e942afb652cc46bb6829ed72dcb7e6fcf09,Relevant,Hack
coda_dataset/8427-Hacking-en-2df5b00bc8a4ce18f6201e25ab7e6b5a79e45e125552fb5735d7a28989626a93,Not Relevant,N/A
coda_dataset/4609-Hacking-en-bf91452a369258e70a3e8c07212094e89bb7fc0d43cb1434a71f38b3d4183892,Not Relevant,N/A
coda_dataset/4623-Hacking-en-317752580c192df2f637b71eddb20c611b39d90c93d480b0f71bdf1ee126d7f0,Relevant,Hack
coda_dataset/8235-Hacking-en-ef27fc787988379d064828d3ba514a88f43100997b1e87631dedcea2f8d83264,Not Relevant,N/A
coda_dataset/8357-Hacking-en-114c40253a5906e0dfb3052e8dbbb813db1ca9c80aa984fb9525c44a097ceb03,Relevant,Malware
coda_dataset/1757-Hacking-en-3c06683fdfb0321c01a471667e8544889513098acbe30d80ec93a92b2f340dab,Not Relevant,N/A
coda_dataset/281-Hacking-en-e57d1abfdd6b0683197e5d56a5777e44eabd5ca7b74910134505e166242a1f32,Relevant,Vulnerability
coda_dataset/8436-Hacking-en-2947ebbf1a23455d3648f3f496dfa9c6514449d55f8edc6ae8c0d8a3d74c65a6,Not Relevant,N/A
coda_dataset/8243-Hacking-en-3fb6351df9b0e7acb484807dd0a3a6528f4a8edea637d0791b687f093ab7bbcb,Relevant,Malware
coda_dataset/538-Hacking-en-62b0a2b4299456cf9385f69ddefafc2196448c87535160cdbca7a93ad6dc895a,Not Relevant,N/A
coda_dataset/8457-Hacking-en-e8fecfc81f1ab3ed8cfed5f5f250b7137733952f7f69221e01bfc6689d68db93,Not Relevant,N/A
coda_dataset/2997-Hacking-en-b78c167b89f92399bedb5ce274fc7b7e8551c627e3977362d761ec982f0aa20b,Relevant,Malware
coda_dataset/5117-Hacking-en-8fe982e313315714eb4a36552f095cbb2c00a0a165ab426f4c28feb55db3cd91,Relevant,Hack
coda_dataset/4697-Hacking-en-d1ad687c5d1a736704353e151bde3243db79a973831c48592ec313112054e9b0,Relevant,Hack
coda_dataset/2376-Hacking-en-a177197772a80ff60fbb1a0868e29a0ce585bc9b59c0e13f6787f1988ac2c44a,Relevant,Hack
coda_dataset/8415-Hacking-en-1bd25c3dd485204fa9557683508c6a34440e6afc93ce90be88d91ccd2380c190,Relevant,Malware
coda_dataset/1360-Hacking-en-1a461be7808a42e43290fa46efca996fdf655f210f5c16250a1ed9183cd08c44,Relevant,Hack
coda_dataset/8336-Hacking-en-f74dd72388caf9ab3e29bbd9b8b92bd98e1d039815e9e5ba30f9072d8c0e5a75,Relevant,Malware
coda_dataset/8305-Hacking-en-ab638cedd24e09d1b19310637ba26261dcf1c0e06c6a86f39404b2cacd29f514,Relevant,Hack
coda_dataset/8493-Hacking-en-2f4b6a1139413e113c1fefbb1253f4cbaefd34e595657b29b47647511cb51a38,Not Relevant,N/A
coda_dataset/8288-Hacking-en-2ae721c91d6407c72401e7151ade83b23360f103f26505a26861cb341e41cf9c,Relevant,Hack
coda_dataset/8518-Hacking-en-c7ac229415378a27eef234106e66e7491b4ca2d42bd4b8ad457cd84accb6418b,Relevant,Hack
coda_dataset/8201-Hacking-en-3c9d2588301ebe7e0736d02ce6ec86e7fdb622b827a201d9ff3ef81eca518fe8,Not Relevant,N/A
